namespace_id,level_type,level_name,is_supported,is_classified,accessibility_support_rating,has_domain,is_accessed,empty_col
domain|gmail,domain,gmail,y,y,5,n,y,
app|google_chrome,app,google_chrome,y,y,5,y,y,
app|safari,app,safari,y,y,5,y,,
app|firefox,app,firefox,y,y,5,y,,
app|mail,app,mail,y,y,5,n,,
app|microsoft_outlook,app,microsoft_outlook,y,y,4,n,,
app|slack,app,slack,y,y,3,n,y,
app|reiden,app,reiden,n,n,1,n,,
app|things,app,things,n,n,4,n,,
app|xcode,app,xcode,n,n,1,n,,
app|notion,app,notion,y,n,3,n,y,
app|front,app,front,y,n,1,n,,
app|spotify,app,spotify,n,n,1,n,,
app|figma,app,figma,y,n,2,n,y,
app|arc,app,arc,y,n,3,y,y,
app|ableton,app,ableton,n,n,2,n,n,
app|imovie,app,imovie,n,n,5,n,,
app|logic_pro,app,logic_pro,y,n,5,n,y,
app|final_cut_pro,app,final_cut_pro,y,n,5,n,y,
app|messages,app,messages,y,n,1,n,,
os|mac_os,os,mac_os,y,n,1,n,,
domain|google_sheets,domain,google_sheets,y,n,4,n,n,
app|zoom,app,zoom,y,n,5,n,y,
app|autocad,app,autocad,n,n,,n,,
app|maya,app,maya,n,n,,n,,
app|davinci_resolve,app,davinci_resolve,n,n,,n,,
app|matlab,app,matlab,n,n,,n,,
app|microsoft_excel,app,microsoft_excel,n,n,,n,,
app|microsoft_word,app,microsoft_word,n,n,,n,,
app|code,app,code,y,n,4,n,y,