namespace_id,action_name,predicted_best_col,predicted_best_value,actual_best_col,actual_best_value,0|Root|AXTitle,0|Root|AXDescription,0|Root|AXRoleDescription,0|Root|AXValue,0|Root|AXHelp,0|Root|AXIdentifier,0|Root|AXRole,1|Root > Child[0]|AXTitle,1|Root > Child[0]|AXDescription,1|Root > Child[0]|AXRoleDescription,1|Root > Child[0]|AXValue,1|Root > Child[0]|AXHelp,1|Root > Child[0]|AXIdentifier,1|Root > Child[0]|AXRole,1|Root > Parent|AXTitle,1|Root > Parent|AXDescription,1|Root > Parent|AXRoleDescription,1|Root > Parent|AXValue,1|Root > Parent|AXHelp,1|Root > Parent|AXIdentifier,1|Root > Parent|AXRole,2|Root > Child[0] > Child[0]|AXTitle,2|Root > Child[0] > Child[0]|AXDescription,2|Root > Child[0] > Child[0]|AXRoleDescription,2|Root > Child[0] > Child[0]|AXValue,2|Root > Child[0] > Child[0]|AXHelp,2|Root > Child[0] > Child[0]|AXIdentifier,2|Root > Child[0] > Child[0]|AXRole,2|Root > Parent > Child[0]|AXTitle,2|Root > Parent > Child[0]|AXDescription,2|Root > Parent > Child[0]|AXRoleDescription,2|Root > Parent > Child[0]|AXValue,2|Root > Parent > Child[0]|AXHelp,2|Root > Parent > Child[0]|AXIdentifier,2|Root > Parent > Child[0]|AXRole,2|Root > Child[0] > Parent|AXTitle,2|Root > Child[0] > Parent|AXDescription,2|Root > Child[0] > Parent|AXRoleDescription,2|Root > Child[0] > Parent|AXValue,2|Root > Child[0] > Parent|AXHelp,2|Root > Child[0] > Parent|AXIdentifier,2|Root > Child[0] > Parent|AXRole,2|Root > Parent > Parent|AXTitle,2|Root > Parent > Parent|AXDescription,2|Root > Parent > Parent|AXRoleDescription,2|Root > Parent > Parent|AXValue,2|Root > Parent > Parent|AXHelp,2|Root > Parent > Parent|AXIdentifier,2|Root > Parent > Parent|AXRole,empty_column
11,new_window,0|Root|AXTitle,New Window,,,New Window,,menu item,,,itemSelected:,AXMenuItem,,,,,,,,,,menu,,,,AXMenu,,,,,,,,New Tab,,menu item,,,itemSelected:,AXMenuItem,,,,,,,,File,,menu bar item,,,,AXMenuBarItem,
11,new_tab,0|Root|AXTitle,New Tab,,,New Tab,,menu item,,,itemSelected:,AXMenuItem,,,,,,,,,,menu,,,,AXMenu,,,,,,,,New Tab,,menu item,,,itemSelected:,AXMenuItem,,,,,,,,File,,menu bar item,,,,AXMenuBarItem,
11,search,0|Root|AXValue,Search,,,,,text,Search,,,AXStaticText,,,,,,,,,,group,,,,AXGroup,,,,,,,,,,text,Search,,,AXStaticText,,,,,,,,Search,,button,,,,AXButton,
11,copy_page_url,0|Root|AXTitle,Copy Link to Current Page,,,Copy Link to Current Page,,menu item,,,itemSelected:,AXMenuItem,,,,,,,,,,menu,,,,AXMenu,,,,,,,,Undo,,menu item,,,undo:,AXMenuItem,,,,,,,,Edit,,menu bar item,,,,AXMenuBarItem,
11,go_back,1|Root > Parent|AXDescription,Go back,,,,,graphics symbol,,,,AXImage,,,,,,,,,Go back,button,,,,AXButton,,,,,,,,,,graphics symbol,,,,AXImage,,,,,,,,,,group,,,,AXGroup,
11,go_back,0|Root|AXTitle,Back,,,Back,,menu item,,,itemSelected:,AXMenuItem,,,,,,,,,,menu,,,,AXMenu,,,,,,,,Back,,menu item,,,itemSelected:,AXMenuItem,,,,,,,,History,,menu bar item,,,,AXMenuBarItem,
11,go_back,1|Root > Parent|AXDescription,Go back,,,,,graphics symbol,,,,AXImage,,,,,,,,,Go back,button,,,,AXButton,,,,,,,,,,graphics symbol,,,,AXImage,,,,,,,,,,group,,,,AXGroup,
11,go_forward,1|Root > Parent|AXDescription,Go forward,,,,,graphics symbol,,,,AXImage,,,,,,,,,Go forward,button,,,,AXButton,,,,,,,,,,graphics symbol,,,,AXImage,,,,,,,,,,group,,,,AXGroup,
11,go_forward,0|Root|AXTitle,Forward,,,Forward,,menu item,,,itemSelected:,AXMenuItem,,,,,,,,,,menu,,,,AXMenu,,,,,,,,Back,,menu item,,,itemSelected:,AXMenuItem,,,,,,,,History,,menu bar item,,,,AXMenuBarItem,
11,go_forward,1|Root > Parent|AXDescription,Go forward,,,,,graphics symbol,,,,AXImage,,,,,,,,,Go forward,button,,,,AXButton,,,,,,,,,,graphics symbol,,,,AXImage,,,,,,,,,,group,,,,AXGroup,
11,new_tab,1|Root > Parent|AXDescription,New tab,,,,,graphics symbol,,,,AXImage,,,,,,,,,New tab,button,,,,AXButton,,,,,,,,,,graphics symbol,,,,AXImage,,,,,,,,,,group,,,,AXGroup,
11,zoom_in,0|Root|AXTitle,Zoom In,,,Zoom In,,menu item,,,itemSelected:,AXMenuItem,,,,,,,,,,menu,,,,AXMenu,,,,,,,,Reload,,menu item,,,itemSelected:,AXMenuItem,,,,,,,,View,,menu bar item,,,,AXMenuBarItem,
11,zoom_out,0|Root|AXTitle,Zoom Out,,,Zoom Out,,menu item,,,itemSelected:,AXMenuItem,,,,,,,,,,menu,,,,AXMenu,,,,,,,,Reload,,menu item,,,itemSelected:,AXMenuItem,,,,,,,,View,,menu bar item,,,,AXMenuBarItem,
11,go_home,0|Root|AXValue,Home,,,,,text,Home,,,AXStaticText,,,,,,,,,,group,,,,AXGroup,,,,,,,,,,text,Home,,,AXStaticText,,,,,,,,,Home,link,,,,AXLink,
11,go_inbox,0|Root|AXValue,Inbox,,,,,text,Inbox,,,AXStaticText,,,,,,,,,,group,,,,AXGroup,,,,,,,,,,text,Inbox,,,AXStaticText,,,,,,,,Inbox,,button,,,,AXButton,
11,settings,0|Root|AXValue,Settings & members,,,,,text,Settings & members,,,AXStaticText,,,,,,,,,,group,,,,AXGroup,,,,,,,,,,text,Settings & members,,,AXStaticText,,,,,,,,Settings & members,,button,,,,AXButton,
11,settings,0|Root|AXTitle,Settings…,,,Settings…,,menu item,,,itemSelected:,AXMenuItem,,,,,,,,,,menu,,,,AXMenu,,,,,,,,About Notion,,menu item,,,orderFrontStandardAboutPanel:,AXMenuItem,,,,,,,,Notion,,menu bar item,,,,AXMenuBarItem,
7,compose,1|Root > Child[0]|AXTitle,New message,,,,,group,,,,AXGroup,New message,,tooltip,,,,AXGroup,,,group,,,,AXGroup,,,group,,,,AXGroup,,,group,,,,AXGroup,,,,,,,,,,group,,,,AXGroup,
7,compose,0|Root|AXTitle,New Message,,,New Message,,menu item,,,itemSelected:,AXMenuItem,,,,,,,,,,menu,,,,AXMenu,,,,,,,,New Message,,menu item,,,itemSelected:,AXMenuItem,,,,,,,,File,,menu bar item,,,,AXMenuBarItem,
7,send,0|Root|AXDescription,Send now,,,,Send now,button,,,,AXButton,,,,,,,,,Composer actions,toolbar,,,,AXToolbar,,,,,,,,,,group,,,,AXGroup,,,,,,,,,,group,,,,AXGroup,
7,search,0|Root|AXTitle,Guy M (DM) - Build Together Hackathon - 6 new items - Slack,,,Guy M (DM) - Build Together Hackathon - 6 new items - Slack,,HTML content,,,,AXWebArea,,,group,,,,AXGroup,,,group,,,,AXGroup,,,group,,,,AXGroup,Guy M (DM) - Build Together Hackathon - 6 new items - Slack,,HTML content,,,,AXWebArea,,,,,,,,,,group,,,,AXGroup,
7,search,1|Root > Child[0]|AXTitle,command   g,,,,,group,,,,AXGroup,command   g,,tooltip,,,,AXGroup,,,group,,,,AXGroup,,,group,,,,AXGroup,,,group,,,,AXGroup,,,,,,,,,,group,,,,AXGroup,
7,go_back,0|Root|AXTitle,DMs - AI Engineer - Slack,,,DMs - AI Engineer - Slack,,HTML content,,,,AXWebArea,,,group,,,,AXGroup,,,group,,,,AXGroup,,,group,,,,AXGroup,DMs - AI Engineer - Slack,,HTML content,,,,AXWebArea,,,,,,,,,,group,,,,AXGroup,
7,go_back,0|Root|AXDescription,Back in history,,,,Back in history,button,,,,AXButton,,,,,,,,,,group,,,,AXGroup,,,,,,,,,Show Workspace Switcher tablist,toggle button,,,,AXCheckBox,,,,,,,,,History Navigation,toolbar,,,,AXToolbar,
7,go_back,1|Root > Child[0]|AXTitle,command   left bracket,,,,,group,,,,AXGroup,command   left bracket,,tooltip,,,,AXGroup,,,group,,,,AXGroup,,,group,,,,AXGroup,,,group,,,,AXGroup,,,,,,,,,,group,,,,AXGroup,
7,go_back,0|Root|AXDescription,Back in history,,,,Back in history,button,,,,AXButton,,,,,,,,,,group,,,,AXGroup,,,,,,,,,Show Workspace Switcher tablist,toggle button,,,,AXCheckBox,,,,,,,,,History Navigation,toolbar,,,,AXToolbar,
7,go_forward,1|Root > Child[0]|AXTitle,command   right bracket,,,,,group,,,,AXGroup,command   right bracket,,tooltip,,,,AXGroup,,,group,,,,AXGroup,,,group,,,,AXGroup,,,group,,,,AXGroup,,,,,,,,,,group,,,,AXGroup,
7,go_forward,0|Root|AXDescription,Forward in history,,,,Forward in history,button,,,,AXButton,,,,,,,,,,group,,,,AXGroup,,,,,,,,,Show Workspace Switcher tablist,toggle button,,,,AXCheckBox,,,,,,,,,History Navigation,toolbar,,,,AXToolbar,
7,go_home,1|Root > Parent|AXTitle,Guy (DM) - Interview Kickstart - Slack,,,,,group,,,,AXGroup,,,group,,,,AXGroup,Guy (DM) - Interview Kickstart - Slack,,HTML content,,,,AXWebArea,,,group,,,,AXGroup,,,group,,,,AXGroup,,,,,,,,,,group,,,,AXGroup,
7,go_home,0|Root|AXDescription,Home,,,,Home,tab,,,,AXRadioButton,,,,,,,,,Interview Kickstart,tab group,,,,AXTabGroup,,,,,,,,,Home,tab,,,,AXRadioButton,,,,,,,,,,group,,,,AXGroup,
7,go_dms,0|Root|AXDescription,DMs,,,,DMs,tab,,,,AXRadioButton,,,,,,,,,Interview Kickstart,tab group,,,,AXTabGroup,,,,,,,,,Home,tab,,,,AXRadioButton,,,,,,,,,,group,,,,AXGroup,
7,go_dms,0|Root|AXDescription,DMs,,,,DMs,tab,,,,AXRadioButton,,,,,,,,,,group,,,,AXGroup,,,,,,,,,,group,,,,AXGroup,,,,,,,,Guy (DM) - Interview Kickstart - Slack,,HTML content,,,,AXWebArea,
7,go_activity,1|Root > Parent|AXTitle,Guy (DM) - Interview Kickstart - Slack,,,,,group,,,,AXGroup,,,group,,,,AXGroup,Guy (DM) - Interview Kickstart - Slack,,HTML content,,,,AXWebArea,,,,,,,,,,group,,,,AXGroup,,,,,,,,,,group,,,,AXGroup,
7,go_activity,1|Root > Parent|AXTitle,Activity - Interview Kickstart - Slack,,,,,group,,,,AXGroup,,,group,,,,AXGroup,Activity - Interview Kickstart - Slack,,HTML content,,,,AXWebArea,,,,,,,,,,group,,,,AXGroup,,,,,,,,,,group,,,,AXGroup,
7,go_later,1|Root > Parent|AXTitle,Activity - Interview Kickstart - Slack,,,,,group,,,,AXGroup,,,group,,,,AXGroup,Activity - Interview Kickstart - Slack,,HTML content,,,,AXWebArea,,,,,,,,,,group,,,,AXGroup,,,,,,,,,,group,,,,AXGroup,
7,go_later,1|Root > Parent|AXTitle,Later - Interview Kickstart - Slack,,,,,group,,,,AXGroup,,,group,,,,AXGroup,Later - Interview Kickstart - Slack,,HTML content,,,,AXWebArea,,,,,,,,,,group,,,,AXGroup,,,,,,,,,,group,,,,AXGroup,
7,go_home,0|Root|AXDescription,Home,,,,Home,tab,,,,AXRadioButton,,,,,,,,,Interview Kickstart,tab group,,,,AXTabGroup,,,,,,,,,Home,tab,,,,AXRadioButton,,,,,,,,,,group,,,,AXGroup,
7,go_dms,0|Root|AXTitle,All DMs,,,All DMs,,menu item,,,itemSelected:,AXMenuItem,,,,,,,,,,menu,,,,AXMenu,,,,,,,,Switch to Channel,,menu item,,,itemSelected:,AXMenuItem,,,,,,,,Go,,menu bar item,,,,AXMenuBarItem,
7,go_activity,0|Root|AXTitle,Activity,,,Activity,,menu item,,,itemSelected:,AXMenuItem,,,,,,,,,,menu,,,,AXMenu,,,,,,,,Switch to Channel,,menu item,,,itemSelected:,AXMenuItem,,,,,,,,Go,,menu bar item,,,,AXMenuBarItem,
7,go_later,0|Root|AXTitle,Later,,,Later,,menu item,,,itemSelected:,AXMenuItem,,,,,,,,,,menu,,,,AXMenu,,,,,,,,Switch to Channel,,menu item,,,itemSelected:,AXMenuItem,,,,,,,,Go,,menu bar item,,,,AXMenuBarItem,
7,go_channels,0|Root|AXDescription,Channels,,,,Channels,tab,,,,AXRadioButton,,,,,,,,,Interview Kickstart,tab group,,,,AXTabGroup,,,,,,,,,Home,tab,,,,AXRadioButton,,,,,,,,,,group,,,,AXGroup,
7,go_channels,0|Root|AXDescription,Channels,,,,Channels,tab,,,,AXRadioButton,,,,,,,,,Interview Kickstart,tab group,,,,AXTabGroup,,,,,,,,,Home,tab,,,,AXRadioButton,,,,,,,,,,group,,,,AXGroup,
7,go_channels,0|Root|AXTitle,Channel Browser,,,Channel Browser,,menu item,,,itemSelected:,AXMenuItem,,,,,,,,,,menu,,,,AXMenu,,,,,,,,Switch to Channel,,menu item,,,itemSelected:,AXMenuItem,,,,,,,,Go,,menu bar item,,,,AXMenuBarItem,
7,go_back,0|Root|AXTitle,Back,,,Back,,menu item,,,itemSelected:,AXMenuItem,,,,,,,,,,menu,,,,AXMenu,,,,,,,,Back,,menu item,,,itemSelected:,AXMenuItem,,,,,,,,History,,menu item,,,,AXMenuItem,
7,go_back,0|Root|AXTitle,Back,,,Back,,menu item,,,itemSelected:,AXMenuItem,,,,,,,,,,menu,,,,AXMenu,,,,,,,,Back,,menu item,,,itemSelected:,AXMenuItem,,,,,,,,History,,menu item,,,,AXMenuItem,
7,go_forward,0|Root|AXTitle,Forward,,,Forward,,menu item,,,itemSelected:,AXMenuItem,,,,,,,,,,menu,,,,AXMenu,,,,,,,,Back,,menu item,,,itemSelected:,AXMenuItem,,,,,,,,History,,menu item,,,,AXMenuItem,
7,show_or_hide_sidebar,0|Root|AXTitle,Hide Sidebar,,,Hide Sidebar,,menu item,,,itemSelected:,AXMenuItem,,,,,,,,,,menu,,,,AXMenu,,,,,,,,Reload,,menu item,,,itemSelected:,AXMenuItem,,,,,,,,View,,menu bar item,,,,AXMenuBarItem,
7,show_or_hide_sidebar,0|Root|AXTitle,Show Sidebar,,,Show Sidebar,,menu item,,,itemSelected:,AXMenuItem,,,,,,,,,,menu,,,,AXMenu,,,,,,,,Reload,,menu item,,,itemSelected:,AXMenuItem,,,,,,,,View,,menu bar item,,,,AXMenuBarItem,
7,show_or_hide_sidebar,0|Root|AXDescription,Home,,,,Home,tab panel,,,,AXGroup,,,group,,,,AXGroup,,AI Engineer,tab panel,,,,AXGroup,,Sidebar width,slider,"0, fully collapsed",,,AXSlider,,,group,,,,AXGroup,,,,,,,,,,group,,,,AXGroup,
7,toggle_workplace_switcher,1|Root > Child[0]|AXTitle,command   ⇧   s,,,,,group,,,,AXGroup,command   ⇧   s,,tooltip,,,,AXGroup,,,group,,,,AXGroup,,,group,,,,AXGroup,,,group,,,,AXGroup,,,,,,,,,,group,,,,AXGroup,
7,toggle_workplace_switcher,0|Root|AXDescription,Show Workspace Switcher tablist,,,,Show Workspace Switcher tablist,toggle button,,,,AXCheckBox,,,,,,,,,,group,,,,AXGroup,,,,,,,,,Show Workspace Switcher tablist,toggle button,,,,AXCheckBox,,,,,,,,,History Navigation,toolbar,,,,AXToolbar,
7,search_channels,0|Root|AXTitle,Search,,,Search,,menu item,,,itemSelected:,AXMenuItem,,,,,,,,,,menu,,,,AXMenu,,,,,,,,Undo,,menu item,,,undo:,AXMenuItem,,,,,,,,Edit,,menu bar item,,,,AXMenuBarItem,
7,go_unreads,0|Root|AXValue,Unreads,,,,,text,Unreads,,,AXStaticText,,,,,,,,,,group,,,,AXGroup,,,,,,,,,,text,Unreads,,,AXStaticText,,,,,,,,Unreads,,outline row,,,,AXRow,
7,go_unreads,0|Root|AXTitle,All Unreads,,,All Unreads,,menu item,,,itemSelected:,AXMenuItem,,,,,,,,,,menu,,,,AXMenu,,,,,,,,Switch to Channel,,menu item,,,itemSelected:,AXMenuItem,,,,,,,,Go,,menu bar item,,,,AXMenuBarItem,
7,open_threads,0|Root|AXValue,Threads,,,,,text,Threads,,,AXStaticText,,,,,,,,,,group,,,,AXGroup,,,,,,,,,,text,Threads,,,AXStaticText,,,,,,,,Threads,,outline row,,,,AXRow,
7,open_threads,0|Root|AXValue,Threads,,,,,text,Threads,,,AXStaticText,,,,,,,,,,group,,,,AXGroup,,,,,,,,,,text,Threads,,,AXStaticText,,,,,,,,Threads,,outline row,,,,AXRow,
7,open_threads,0|Root|AXTitle,Threads,,,Threads,,menu item,,,itemSelected:,AXMenuItem,,,,,,,,,,menu,,,,AXMenu,,,,,,,,Switch to Channel,,menu item,,,itemSelected:,AXMenuItem,,,,,,,,Go,,menu bar item,,,,AXMenuBarItem,
7,open_shortcuts,0|Root|AXTitle,Keyboard Shortcuts,,,Keyboard Shortcuts,,menu item,,,itemSelected:,AXMenuItem,,,,,,,,,,menu,,,,AXMenu,,,,,,,,,,menu item,,,searchFieldAction:,AXMenuItem,,,,,,,,Help,,menu bar item,,,,AXMenuBarItem,
7,upload_file,0|Root|AXValue,Upload from your computer,,,,,text,Upload from your computer,,,AXStaticText,,,,,,,,,,group,,,,AXGroup,,,,,,,,,,text,Upload from your computer,,,AXStaticText,,,,,,,,Upload from your computer ⌘U,,menu item,,,,AXMenuItem,
7,open_preferences,0|Root|AXTitle,Settings…,,,Settings…,,menu item,,,itemSelected:,AXMenuItem,,,,,,,,,,menu,,,,AXMenu,,,,,,,,About Slack,,menu item,,,orderFrontStandardAboutPanel:,AXMenuItem,,,,,,,,Slack,,menu bar item,,,,AXMenuBarItem,
7,quit,0|Root|AXTitle,Quit Slack,,,Quit Slack,,menu item,,,itemSelected:,AXMenuItem,,,,,,,,,,menu,,,,AXMenu,,,,,,,,About Slack,,menu item,,,orderFrontStandardAboutPanel:,AXMenuItem,,,,,,,,Slack,,menu bar item,,,,AXMenuBarItem,
7,format_italic,0|Root|AXDescription,Italic,,,,Italic,toggle button,,,,AXCheckBox,,,,,,,,,,group,,,,AXGroup,,,,,,,,,Bold,toggle button,,,,AXCheckBox,,,,,,,,,Formatting,toolbar,,,,AXToolbar,
7,format_bold,0|Root|AXDescription,Bold,,,,Bold,toggle button,,,,AXCheckBox,,,,,,,,,,group,,,,AXGroup,,,,,,,,,Bold,toggle button,,,,AXCheckBox,,,,,,,,,Formatting,toolbar,,,,AXToolbar,
7,format_bold,1|Root > Child[0]|AXTitle,command   b,,,,,group,,,,AXGroup,command   b,,tooltip,,,,AXGroup,,,group,,,,AXGroup,,,group,,,,AXGroup,,,group,,,,AXGroup,,,,,,,,,,group,,,,AXGroup,
7,format_italic,1|Root > Child[0]|AXTitle,command   i,,,,,group,,,,AXGroup,command   i,,tooltip,,,,AXGroup,,,group,,,,AXGroup,,,group,,,,AXGroup,,,group,,,,AXGroup,,,,,,,,,,group,,,,AXGroup,
7,format_strikethrough,0|Root|AXDescription,Strikethrough,,,,Strikethrough,toggle button,,,,AXCheckBox,,,,,,,,,,group,,,,AXGroup,,,,,,,,,Bold,toggle button,,,,AXCheckBox,,,,,,,,,Formatting,toolbar,,,,AXToolbar,
7,format_strikethrough,0|Root|AXDescription,Strikethrough,,,,Strikethrough,toggle button,,,,AXCheckBox,,,,,,,,,,group,,,,AXGroup,,,,,,,,,Bold,toggle button,,,,AXCheckBox,,,,,,,,,Formatting,toolbar,,,,AXToolbar,
7,format_code,0|Root|AXDescription,Code,,,,Code,toggle button,,,,AXCheckBox,,,,,,,,,,group,,,,AXGroup,,,,,,,,,Bold,toggle button,,,,AXCheckBox,,,,,,,,,Formatting,toolbar,,,,AXToolbar,
7,format_code,0|Root|AXDescription,Code,,,,Code,toggle button,,,,AXCheckBox,,,,,,,,,,group,,,,AXGroup,,,,,,,,,Bold,toggle button,,,,AXCheckBox,,,,,,,,,Formatting,toolbar,,,,AXToolbar,
7,open_help,0|Root|AXTitle,Open Help Center,,,Open Help Center,,menu item,,,itemSelected:,AXMenuItem,,,,,,,,,,menu,,,,AXMenu,,,,,,,,,,menu item,,,searchFieldAction:,AXMenuItem,,,,,,,,Help,,menu bar item,,,,AXMenuBarItem,
7,move_to_next_workspace,0|Root|AXTitle,Select Next Workspace,,,Select Next Workspace,,menu item,,,itemSelected:,AXMenuItem,,,,,,,,,,menu,,,,AXMenu,,,,,,,,Interview Kickstart,,menu item,,,itemSelected:,AXMenuItem,,,,,,,,Workspace,,menu item,,,,AXMenuItem,
7,move_to_previous_workspace,0|Root|AXTitle,Select Previous Workspace,,,Select Previous Workspace,,menu item,,,itemSelected:,AXMenuItem,,,,,,,,,,menu,,,,AXMenu,,,,,,,,Interview Kickstart,,menu item,,,itemSelected:,AXMenuItem,,,,,,,,Workspace,,menu item,,,,AXMenuItem,
7,jump_to_a_conversation,0|Root|AXTitle,Switch to Channel,,,Switch to Channel,,menu item,,,itemSelected:,AXMenuItem,,,,,,,,,,menu,,,,AXMenu,,,,,,,,Switch to Channel,,menu item,,,itemSelected:,AXMenuItem,,,,,,,,Go,,menu bar item,,,,AXMenuBarItem,
7,undo_formatting,0|Root|AXTitle,Undo,,,Undo,,menu item,,,undo:,AXMenuItem,,,,,,,,,,menu,,,,AXMenu,,,,,,,,Undo,,menu item,,,undo:,AXMenuItem,,,,,,,,Edit,,menu bar item,,,,AXMenuBarItem,
7,redo_formatting,0|Root|AXTitle,Redo,,,Redo,,menu item,,,redo:,AXMenuItem,,,,,,,,,,menu,,,,AXMenu,,,,,,,,Undo,,menu item,,,undo:,AXMenuItem,,,,,,,,Edit,,menu bar item,,,,"AXMenuBarItem""MyApp""",format_link
7,format_link,1|Root > Child[0]|AXTitle,command   shift   u,,,,,group,,,,AXGroup,command   shift   u,,tooltip,,,,AXGroup,,,group,,,,AXGroup,,,group,,,,AXGroup,,,group,,,,AXGroup,,,,,,,,,,group,,,,AXGroup,