action_id,namespace_id,type,name,shortcut_id,mac_keys,include,include_classified,priority,has_conflict,example_screenshot,AXTitle,AXValue,AXRoleDescription,AXDescription,description
1,1,button,compose,1,c,y,y,1000,,,Compose,,,,
2,1,button,send,2,command + enter,y,y,2000,,,,,,"Send ‪(⌘Enter)‬
",
3,1,button,reply,3,r,y,y,5000,,,,,,,
4,1,button,reply_all,4,a,y,y,13000,,,,,,,
5,1,button,forward,5,f,y,y,12000,,,,,,,
6,1,button,open_email,6,o,y,y,5750,,,,,,,
7,1,button,older_conversation,7,j,y,y,5800,,,,,,,
8,1,button,newer_conversation,8,k,y,y,5850,,,,,,,
9,1,button,delete,9,#,y,y,6000,,,,,,,
10,1,button,archive,10,e,y,y,5500,,,,,,,
11,1,button,mark_as_read,11,shift + i,y,y,7000,,,,,,,
12,1,button,mark_as_unread,12,shift + u,y,y,8000,,,,,,,
13,1,button,spam_and_junk,13,!,y,y,18000,,,,,,,
14,1,button,more_options,14,,y,y,,,,,,,,
15,1,search_bar,search,15,slash,y,y,3000,,,,,,,
16,1,button,next_message_in_an_open_conversation,16,n,y,y,9000,,,,,,,
17,1,button,previous_message_in_an_open_conversation,17,p,y,y,10000,,,,,,,
18,1,checkbox,select_conversation,18,x,y,y,11000,,,,,checkbox,,
19,1,button,toggle_star,19,s,y,y,14000,,,,,,,
20,1,context_menu,snooze,20,b,y,y,19000,,,,Snoozed,,,
21,1,context_menu,mute_conversation,21,m,y,y,20000,,,,,,,
22,1,button,insert_link,22,command + k,y,y,21000,,,,,,,
23,1,button,discard_draft,23,command + shift + d,y,y,17000,,,,,,,
24,1,left_menu_item,go_to_all_mail,24,g + a,y,y,22000,,,,,,,
25,1,left_menu_item,go_to_inbox,25,g + i,y,y,4000,,,,,,,
26,1,left_menu_item,go_to_starred,26,g + s,y,y,23000,,,,,,,
27,1,left_menu_item,go_to_drafts,27,g + d,y,y,16000,,,,,,,
28,1,left_menu_item,go_to_sent,28,g + t,y,y,15000,,,,,,,
29,1,input_field,cc,29,command + shift + c,,,24000,y - maccy,,,,,,
30,1,input_field,bcc,30,command + shift + b,,,25000,y - chrome,,,,,,
31,2,button,open_a_new_tab,31,command + t,y,y,1000,,,,,,,
32,2,button,close_the_current_tab,32,command + w,y,y,6000,,,,,,,
33,2,app_drop_down_menu,reopen_the_last_closed_tab,33,command + shift + t,y,y,10000,,,,,,,
34,2,address_bar,highlight_the_URL,34,command + l,y,y,2000,,,,,,,
35,2,tab,switch_to_the_next_tab,35,control + tab,y,y,3000,,,,,,,
36,2,tab,switch_to_the_previous_tab,36,control + shift + tab,y,y,4000,,,,,,,
37,2,tab,switch_to_selected_tab,37,,,,,,,,,,,
38,2,button,reload_the_current_page,38,command + r,y,y,7000,,,,,,,
39,2,app_drop_down_menu,bookmark_the_current_page,39,command + d,y,y,11000,,,,,,,
40,2,button,more_options,40,,y,y,,,,,,,,
41,2,app_drop_down_menu,show_or_hide_bookmarks_bar,41,command + shift + b,y,y,,,,,,,,
42,2,app_drop_down_menu,open_the_downloads_page,42,command + shift + j,y,y,18000,,,,,,,
43,2,app_drop_down_menu,open_the_history_page,43,command + y,y,y,17000,,,,,,,
44,2,app_drop_down_menu,open_a_new_window,44,command + n,y,y,15000,,,,,,,
45,2,app_drop_down_menu,open_a_new_private_window,45,command + shift + n,y,y,16000,,,,,,,
46,2,app_drop_down_menu,print,46,command + p,y,y,19000,,,,,,,
47,2,app_drop_down_menu,open_the_find_bar,47,command + f,y,y,9000,,,,,,,
48,2,app_drop_down_menu,zoom_in,48,command + plus,y,y,12000,,,,,,,
49,2,app_drop_down_menu,zoom_out,49,command + minus,y,y,13000,,,,,,,
50,2,app_drop_down_menu,reset_zoom_level,50,command + 0,y,y,14000,,,,,,,
51,2,app_drop_down_menu,go_back,51,command + open_bracket,y,y,5000,,,,,,,
52,2,app_drop_down_menu,go_forward,52,command + close_bracket,y,y,8000,,,,,,,
53,2,,add_www_and_com,53,command + enter,,,,,,,,,,
54,2,app_drop_down_menu,clear_browsing_data,54,command + shift + delete,,,,,,,,,,
55,2,app_drop_down_menu,view_page_source,55,command + option + u,,,,,,,,,,
56,2,app_drop_down_menu,open_developer_tools,56,command + option + i,,,,,,,,,,
57,2,,switch_to_specified_tab,57,command + 1 to command + 8,,,,,,,,,,
58,2,,switch_to_last_tab,58,command + 9,,,,,,,,,,
59,2,,search_from_address_bar,59,command + option + f,,,,,,,,,,
60,2,app_drop_down_menu,open_javascript_console,60,command + option + j,,,,,,,,,,
61,2,button,open_file_from_computer,61,command + o,,,,,,,,,,
62,2,button,save_current_page,62,command + s,,,,,,,,,,
63,2,button,reload_ignoring_cached_content,63,command + shift + r,,,,,,,,,,
64,2,app_drop_down_menu,quit,64,command + q,y,y,,,,,,,,
65,2,app_drop_down_menu,close_window,65,command + w,y,y,,,,,,,,
66,2,button,minimize_current_window,66,command + m,,,,,,,,,,
67,2,button,switch_user_profiles,67,command + shift + m,,,,,,,,,,
68,2,app_drop_down_menu,open_bookmark_manager,68,command + option + b,,,,,,,,,,
69,2,button,find_next_match_in_find_bar,69,command + g,,,,,,,,,,
70,2,button,find_previous_match_in_find_bar,70,command + shift + g,,,,,,,,,,
71,2,app_drop_down_menu,open_homepage_in_current_tab,71,command + shift + h,,,,,,,,,,
72,2,app_drop_down_menu,enter_or_exit_full_screen,72,command + control + f,,,,,,,,,,
73,2,app_drop_down_menu,open_developer_tools_with_element_inspector,73,command + shift + c,,,,,,,,,,
74,3,button,open_a_new_tab,74,command + t,y,y,,,,,,,,
75,3,button,close_the_current_tab,75,command + w,y,y,,,,,,,,
76,3,app_drop_down_menu,reopen_the_last_closed_tab,76,command + shift + t,y,y,,,,,,,,
77,3,address_bar,highlight_the_URL,77,command + l,y,y,,,,,,,,
78,3,tab,switch_to_the_next_tab,78,control + tab,y,y,,,,,,,,
79,3,tab,switch_to_the_previous_tab,79,control + shift + tab,y,y,,,,,,,,
80,3,button,reload_the_current_page,80,command + r,y,y,,,,,,,,
81,3,app_drop_down_menu,bookmark_the_current_page,81,command + d,y,y,,,,,,,,
82,3,app_drop_down_menu,show_or_hide_favorites_bar,82,command + shift + b,y,y,,,,,,,,
83,3,app_drop_down_menu,open_the_downloads_page,83,command + option + l,y,y,,,,,,,,
84,3,app_drop_down_menu,open_the_history_page,84,command + y,y,y,,,,,,,,
85,3,app_drop_down_menu,open_a_new_window,85,command + n,y,y,,,,,,,,
86,3,app_drop_down_menu,open_a_new_private_window,86,command + shift + n,y,y,,,,,,,,
87,3,app_drop_down_menu,print,87,command + p,y,y,,,,,,,,
88,3,app_drop_down_menu,open_the_find_bar,88,command + f,y,y,,,,,,,,
89,3,app_drop_down_menu,zoom_in,89,command + plus,y,y,,,,,,,,
90,3,app_drop_down_menu,zoom_out,90,command + minus,y,y,,,,,,,,
91,3,app_drop_down_menu,reset_zoom_level,91,command + 0,y,y,,,,,,,,
92,3,button,go_back,92,command + left_arrow,y,y,,,,,,,,
93,3,button,go_forward,93,command + right_arrow,y,y,,,,,,,,
94,3,address_bar,add_www_and_com,94,command + enter,,,,,,,,,,
95,3,app_drop_down_menu,clear_browsing_data,95,command + option + e,,,,,,,,,,
96,3,app_drop_down_menu,view_page_source,96,command + option + u,,,,,,,,,,
97,3,app_drop_down_menu,open_developer_tools,97,command + option + i,,,,,,,,,,
98,3,tab,switch_to_specified_tab,98,command + 1 to command + 9,,,,,,,,,,
99,3,address_bar,search_from_address_bar,99,command + option + f,,,,,,,,,,
100,3,app_drop_down_menu,open_javascript_console,100,command + option + j,,,,,,,,,,
101,3,app_drop_down_menu,open_file_from_computer,101,command + o,,,,,,,,,,
102,3,app_drop_down_menu,save_current_page,102,command + s,,,,,,,,,,
103,3,app_drop_down_menu,reload_ignoring_cached_content,103,command + option + r,,,,,,,,,,
104,3,app_drop_down_menu,quit,104,command + q,y,y,,,,,,,,
105,3,app_drop_down_menu,open_preferences,105,command + comma,y,y,,,,,,,,
106,3,app_drop_down_menu,close_window,106,command + w,y,y,,,,,,,,
107,3,app_drop_down_menu,minimize_window,107,command + m,y,y,,,,,,,,
108,3,app_drop_down_menu,toggle_reader_view,108,command + shift + r,,,,,,,,,,
109,3,app_drop_down_menu,toggle_full_screen_mode,109,command + control + f,,,,,,,,,,
110,3,app_drop_down_menu,open_homepage,110,command + shift + h,,,,,,,,,,
111,3,address_bar,focus_on_address_bar,111,command + option + a,,,,,,,,,,
112,3,app_drop_down_menu,show_or_hide_sidebar,112,command + shift + l,y,y,,,,,,,,
113,3,address_bar,focus_on_search_field,113,command + option + f,,,,,,,,,,
114,3,tab,show_all_tabs,114,command + shift + backslash,,,,,,,,,,
115,3,app_drop_down_menu,show_or_hide_status_bar,115,command + option + slash,,,,,,,,,,
116,3,app_drop_down_menu,show_or_hide_toolbar,116,command + option + t,,,,,,,,,,
117,4,button,open_a_new_tab,117,command + t,y,y,,,,,,,,
118,4,button,close_the_current_tab,118,command + w,y,y,,,,,,,,
119,4,app_drop_down_menu,reopen_the_last_closed_tab,119,command + shift + t,y,y,,,,,,,,
120,4,address_bar,highlight_the_URL,120,command + l,y,y,,,,,,,,
121,4,tab,switch_to_the_next_tab,121,control + tab,y,y,,,,,,,,
122,4,tab,switch_to_the_previous_tab,122,control + shift + tab,y,y,,,,,,,,
123,4,button,reload_the_current_page,123,command + r,y,y,,,,,,,,
124,4,button,bookmark_the_current_page,124,command + d,y,y,,,,,,,,
125,4,app_drop_down_menu,show_or_hide_bookmarks_bar,125,command + shift + b,y,y,,,,,,,,
126,4,app_drop_down_menu,open_the_downloads_page,126,command + j,y,y,,,,,,,,
127,4,app_drop_down_menu,open_the_history_page,127,command + y,y,y,,,,,,,,
128,4,app_drop_down_menu,open_a_new_window,128,command + n,y,y,,,,,,,,
129,4,app_drop_down_menu,open_a_new_private_window,129,command + shift + p,y,y,,,,,,,,
130,4,app_drop_down_menu,print,130,command + p,y,y,,,,,,,,
131,4,app_drop_down_menu,open_the_find_bar,131,command + f,y,y,,,,,,,,
132,4,app_drop_down_menu,zoom_in,132,command + plus,y,y,,,,,,,,
133,4,app_drop_down_menu,zoom_out,133,command + minus,y,y,,,,,,,,
134,4,app_drop_down_menu,reset_zoom_level,134,command + 0,y,y,,,,,,,,
135,4,button,go_back,135,command + left_arrow,y,y,,,,,,,,
136,4,button,go_forward,136,command + right_arrow,y,y,,,,,,,,
137,4,address_bar,add_www_and_com,137,command + enter,,,,,,,,,,
138,4,app_drop_down_menu,clear_browsing_data,138,command + shift + delete,,,,,,,,,,
139,4,app_drop_down_menu,view_page_source,139,command + option + u,,,,,,,,,,
140,4,app_drop_down_menu,open_developer_tools,140,command + option + i,,,,,,,,,,
141,4,tab,switch_to_specified_tab,141,command + 1 to command + 8,,,,,,,,,,
142,4,tab,switch_to_last_tab,142,command + 9,,,,,,,,,,
143,4,address_bar,search_from_address_bar,143,command + option + f,,,,,,,,,,
144,4,app_drop_down_menu,open_javascript_console,144,command + option + j,,,,,,,,,,
145,4,app_drop_down_menu,open_file_from_computer,145,command + o,,,,,,,,,,
146,4,app_drop_down_menu,save_current_page,146,command + s,,,,,,,,,,
147,4,app_drop_down_menu,reload_ignoring_cached_content,147,command + shift + r,,,,,,,,,,
148,4,app_drop_down_menu,quit,148,command + q,y,y,,,,,,,,
149,4,app_drop_down_menu,open_preferences,149,command + comma,y,y,,,,,,,,
150,4,app_drop_down_menu,minimize_window,150,command + m,y,y,,,,,,,,
151,4,app_drop_down_menu,toggle_reader_view,151,command + option + r,,,,,,,,,,
152,4,app_drop_down_menu,toggle_full_screen_mode,152,command + control + f,,,,,,,,,,
153,4,app_drop_down_menu,open_homepage,153,command + shift + h,,,,,,,,,,
154,4,address_bar,focus_on_address_bar,154,command + option + a,,,,,,,,,,
155,4,app_drop_down_menu,show_or_hide_sidebar,155,command + b,,,,,,,,,,
156,4,app_drop_down_menu,focus_on_search_field,156,command + option + f,,,,,,,,,,
157,4,app_drop_down_menu,show_all_tabs,157,command + shift + backslash,,,,,,,,,,
158,4,app_drop_down_menu,show_or_hide_status_bar,158,command + option + slash,,,,,,,,,,
159,4,app_drop_down_menu,show_or_hide_toolbar,159,command + option + t,,,,,,,,,,
160,4,button,move_to_next_section,160,control + tab,,,,,,,,,,
161,4,button,move_to_previous_section,161,control + shift + tab,,,,,,,,,,
162,4,button,open_help,162,command + shift + slash,,,,,,,,,,
163,4,button,toggle_bookmarks_sidebar,163,command + b,,,,,,,,,,
164,4,button,open_bookmark_manager,164,command + shift + o,,,,,,,,,,
165,5,button,compose,165,command + n,y,y,,,,,,,,
166,5,button,send,166,command + shift + d,y,y,,,,,,,,
167,5,button,filter,167,command + l,y,y,,,,,,,,
168,5,button,reply,168,command + r,y,y,,,,,,,,
169,5,button,reply_all,169,command + shift + r,y,y,,,,,,,,
170,5,button,forward,170,command + shift + f,y,y,,,,,,,,
171,5,button,archive,171,command + control + a,y,y,,,,,,,,
172,5,button,delete,172,command + delete,y,y,,,,,,,,
173,5,button,mark_as_read,173,command + shift + u,y,y,,,,,,,,
174,5,button,mark_as_unread,174,command + shift + u,y,y,,,,,,,,
175,5,button,toggle_flag,175,command + shift + l,y,y,,,,,,,,
176,5,button,move_to_inbox,176,command + control + i,y,y,,,,,,,,
177,5,button,open_selected_email,177,command + o,y,y,,,,,,,,
178,5,button,spam_and_junk,178,command + shift + j,y,y,,,,,,,,
179,5,button,mute_conversation,179,control + shift + m,y,y,,,,,,,,
180,5,app_drop_down_menu,open_preferences,180,command + comma,y,y,,,,,,,,
181,5,app_drop_down_menu,print,181,command + p,y,y,,,,,,,,
182,5,app_drop_down_menu,open_message_viewer,182,command + 0,,,,,,,,,,
183,5,app_drop_down_menu,show_or_hide_sidebar,183,command + shift + m,y,y,,,,,,,,
184,5,app_drop_down_menu,show_or_hide_favorites_bar,184,command + shift + b,y,y,,,,,,,,
185,5,app_drop_down_menu,show_or_hide_toolbar,185,command + option + t,y,y,,,,,,,,
186,5,app_drop_down_menu,new_viewer_window,186,command + option + n,,,,,,,,,,
187,5,app_drop_down_menu,minimize_window,187,command + m,y,y,,,,,,,,
188,5,app_drop_down_menu,close_window,188,command + w,y,y,,,,,,,,
189,5,button,next_email,189,command + right_arrow,,,,,,,,,,
190,5,button,previous_email,190,command + left_arrow,,,,,,,,,,
191,5,button,next_unread_email,191,command + shift + j,,,,,,,,,,
192,5,button,previous_unread_email,192,command + shift + k,,,,,,,,,,
193,5,app_drop_down_menu,search,193,command + option + f,y,y,,,,,,,,
194,5,app_drop_down_menu,sort_by_date,194,command + option + 1,,,,,,,,,,
195,5,app_drop_down_menu,sort_by_from,195,command + option + 2,,,,,,,,,,
196,5,app_drop_down_menu,sort_by_subject,196,command + option + 3,,,,,,,,,,
197,5,app_drop_down_menu,sort_by_size,197,command + option + 4,,,,,,,,,,
198,5,app_drop_down_menu,sort_by_unread,198,command + option + 5,,,,,,,,,,
199,5,app_drop_down_menu,quit,199,command + q,y,y,,,,,,,,
200,5,app_drop_down_menu,check_for_new_mail,200,command + shift + n,y,y,,,,,,,,
201,5,button,reply_with_template,201,command + option + r,,,,,,,,,,
202,5,button,forward_as_attachment,202,command + option + f,,,,,,,,,,
203,5,button,redirect_email,203,command + shift + e,,,,,,,,,,
204,5,app_drop_down_menu,save_email_as_draft,204,command + s,,,,,,,,,,
205,5,app_drop_down_menu,save_all_attachments,205,command + shift + a,,,,,,,,,,
206,5,app_drop_down_menu,open_next_mailbox,206,command + option + right_arrow,,,,,,,,,,
207,5,app_drop_down_menu,open_previous_mailbox,207,command + option + left_arrow,,,,,,,,,,
208,5,button,open_help,208,command + question_mark,,,,,,,,,,
209,6,button,compose,209,command + n,y,y,,,,,,,,
210,6,button,send,210,command + enter,y,y,,,,,,,,
211,6,button,reply,211,command + r,y,y,,,,,,,,
212,6,button,reply_all,212,command + shift + r,y,y,,,,,,,,
213,6,button,forward,213,command + j,y,y,,,,,,,,
214,6,button,delete,214,command + delete,y,y,,,,,,,,
215,6,button,discard_draft,215,command + esc,y,y,,,,,,,,
216,6,button,archive,216,control + e,y,y,,,,,,,,
217,6,app_drop_down_menu,spam_and_junk,217,,y,y,,,,,,,,
218,6,button,more_options,218,,y,y,,,,,,,,
219,6,button,mark_as_read,219,command + t,y,y,,,,,,,,
220,6,button,mark_as_unread,220,shift + command + t,y,y,,,,,,,,
221,6,button,toggle_flag,221,command + shift + l,y,y,,,,,,,,
222,6,app_drop_down_menu,show_or_hide_sidebar,222,,y,y,,,,,,,,
223,6,app_drop_down_menu,toggle_taskbar,223,,y,y,,,,,,,,
224,6,button,move_to_different_folder,224,command + shift + m,y,y,,,,,,,,
225,6,button,open_selected_email,225,command + o,y,y,,,,,,,,
226,6,button,check_for_new_mail,226,,y,y,,,,,,,,
227,6,app_drop_down_menu,print,227,command + p,y,y,,,,,,,,
228,6,app_drop_down_menu,open_calendar_view,228,command + 2,y,y,,,,,,,,
229,6,app_drop_down_menu,open_mail_view,229,command + 1,y,y,,,,,,,,
230,6,app_drop_down_menu,open_contacts_view,230,command + 3,y,y,,,,,,,,
231,6,app_drop_down_menu,show_or_hide_folders,231,command + shift + m,,,,,,,,,,
232,6,app_drop_down_menu,show_or_hide_toolbar,232,command + option + t,,,,,,,,,,
233,6,app_drop_down_menu,show_or_hide_status_bar,233,command + option + slash,,,,,,,,,,
234,6,app_drop_down_menu,new_viewer_window,234,command + option + n,,,,,,,,,,
235,6,app_drop_down_menu,minimize_window,235,command + m,,,,,,,,,,
236,6,app_drop_down_menu,close_window,236,command + w,,,,,,,,,,
237,6,button,next_email,237,control + close_bracket,,,,,,,,,,
238,6,button,previous_email,238,control + open_bracket,,,,,,,,,,
239,6,button,next_unread_email,239,command + shift + j,,,,,,,,,,
240,6,button,previous_unread_email,240,command + shift + k,,,,,,,,,,
241,6,app_drop_down_menu,search,241,command + shift + f,y,y,,,,,,,,
242,6,app_drop_down_menu,open_the_find_bar,242,,y,y,,,,,,,,
243,6,app_drop_down_menu,open_preferences,243,command + comma,y,y,,,,,,,,
244,6,app_drop_down_menu,sort_by_date,244,command + option + 1,,,,,,,,,,
245,6,app_drop_down_menu,sort_by_from,245,command + option + 2,,,,,,,,,,
246,6,app_drop_down_menu,sort_by_subject,246,command + option + 3,,,,,,,,,,
247,6,app_drop_down_menu,sort_by_size,247,command + option + 4,,,,,,,,,,
248,6,app_drop_down_menu,sort_by_unread,248,command + option + 5,,,,,,,,,,
249,6,app_drop_down_menu,quit_outlook,249,command + q,,,,,,,,,,
250,6,app_drop_down_menu,check_for_new_mail,250,command + k,,,,,,,,,,
251,6,button,reply_with_template,251,command + option + r,,,,,,,,,,
252,6,button,forward_as_attachment,252,command + option + j,,,,,,,,,,
253,6,button,redirect_email,253,command + shift + e,,,,,,,,,,
254,6,app_drop_down_menu,save_email_as_draft,254,command + s,,,,,,,,,,
255,6,app_drop_down_menu,save_all_attachments,255,command + shift + a,,,,,,,,,,
256,6,app_drop_down_menu,open_next_folder,256,command + option + right_arrow,,,,,,,,,,
257,6,app_drop_down_menu,open_previous_folder,257,command + option + left_arrow,,,,,,,,,,
258,6,app_drop_down_menu,focus_on_search_field,258,command + option + f,,,,,,,,,,
259,6,button,open_help,259,command + question_mark,,,,,,,,,,
260,6,app_drop_down_menu,minimize_window,260,command + m,y,y,,,,,,,,
261,6,app_drop_down_menu,close_window,261,command + w,y,y,,,,,,,,
262,6,app_drop_down_menu,quit,262,command + q,y,y,,,,,,,,
263,7,button,compose,263,command + n,y,y,,,,,,,,RT - I'm down to include this but I'd be shocked if people use this button
264,7,button,send,264,return,y,y,,,,,,,,RT - I'm down to include this but I'd be shocked if people use this button
265,7,button,edit_last_message,265,command + up_arrow,y,y,,,,,,,,
266,7,button,search,266,command + g,y,y,,,,,,,,
267,7,button,go_back,267,command + open_bracket,y,y,,,,,,,,
268,7,button,go_forward,268,command + close_bracket,y,y,,,,,,,,
269,7,button,open_more,269,control + 0,y,y,,,,,,,,
270,7,button,go_home,270,control + 1,y,y,,,,,,,,
271,7,button,go_dms,271,control + 2,y,y,,,,,,,,
272,7,button,go_activity,272,control + 3,y,y,,,,,,,,
273,7,button,go_later,273,control + 4,y,y,,,,,,,,
274,7,button,go_list,274,,,,,,,,,,,Shortcut removed
275,7,button,go_channels,275,command + shift + l,y,y,,,,,,,,Shortcut removed
276,7,menu_item,show_or_hide_sidebar,276,,y,y,,,,,,,,
277,7,button,toggle_workplace_switcher,277,command + shift + s,y,y,,,,,,,,RT - unsure if we should include
278,7,menu_item,search_channels,278,,y,y,,,,,,,,
279,7,button,go_unreads,279,,y,y,,,,,,,,
280,7,button,open_threads,280,command + shift + t,y,y,,,,,,,,
281,7,button,open_shortcuts,281,command + slash,,,,,,,,,,RT - unsure if we should include
282,7,button,upload_file,282,command + u,y,y,,,,,,,,RT - unsure if we should include
283,7,button,create_new_canvas,283,command + shift + n,,,,,,,,,,
284,7,button,open_channel_canvas,284,command + option + period,,,,,,,,,,
285,7,button,open_channel_details,285,command + shift + i,y,y,,,,,,,,
286,7,menu_item,previous_channel,286,option + up_arrow,y,y,,,,,,,,
287,7,menu_item,next_channel,287,option + down_arrow,y,y,,,,,,,,
288,7,button,open_preferences,288,command + comma,y,y,,,,,,,,RT - unsure if we should include
289,7,app_drop_down_menu,minimize_window,289,,y,y,,,,,,,,
290,7,app_drop_down_menu,close_window,290,,y,y,,,,,,,,
291,7,app_drop_down_menu,quit,291,,y,y,,,,,,,,
292,7,button,format_bold,292,command + b,,,,,,,,,,
293,7,button,format_italic,293,command + i,,,,,,,,,,
294,7,button,format_strikethrough,294,command + shift + x,,,,,,,,,,
295,7,button,format_code,295,command + shift + c,,,,,,,,,,
296,7,button,format_link,296,command + shift + u,,,,,,,,,,
297,7,button,open_help,297,command + question_mark,,,,,,,,,,
298,7,button,move_to_next_workspace,298,control + tab,,,,,,,,,,
299,7,button,move_to_previous_workspace,299,control + shift + tab,,,,,,,,,,
300,7,button,jump_to_a_conversation,300,command + k,,,,,,,,,,
301,7,button,undo_formatting,301,command + z,,,,,,,,,,
302,7,button,redo_formatting,302,command + shift + z,,,,,,,,,,
300,12,button,trash_the_conversation,300,delete,y,,3000,,,,,,,Trash the conversation
301,12,button,mark_as_spam,301,shift + j,y,,9500,,,,,,,Mark as spam
302,12,button,set_a_snooze_on_a_conversation,302,s,y,,13000,,,,,,,Set a snooze on a conversation
303,12,button,toggle_subscribe/unsubscribe_for_a_conversation,303,shift + u,y,,12000,,,,,,,Toggle Subscribe/Unsubscribe for a conversation
304,12,button,see_information_about_current_conversation,304,shift + i,y,,30000,,,,,,,See information about current conversation
305,12,button,navigate_to_a_specific_conversation_using_a_conversation_id,305,shift + o,y,,31000,,,,,,,Navigate to a specific conversation using a conversation ID
306,12,button,add/remove_the_star_tag_on_a_conversation,306,option + s,y,,32000,,,,,,,Add/remove the Star tag on a conversation
307,12,button,navigate_to_the_comment_bar,307,command + period,y,,14000,,,,,,,Navigate to the comment bar
308,12,button,pulls_a_list_of_available_team_members_to_mention,308,@,y,,29000,,,,,,,Pulls a list of available team members to mention
309,12,button,bold,309,command + b,y,,22000,,,,,,,Bold
310,12,button,italicize,310,command + i,y,,23000,,,,,,,Italicize
311,12,button,underline,311,command + u,y,,24000,,,,,,,Underline
312,12,button,hyperlink,312,command + k,y,,25000,,,,,,,Hyperlink
313,12,button,move_cursor_to_cc,313,command + shift + c,y,,26000,,,,,,,Move cursor to Cc
314,12,button,move_cursor_to_bcc,314,command + shift + b,y,,27000,,,,,,,Move cursor to Bcc
315,12,button,edit_subject_line,315,command + shift + s,y,,21000,,,,,,,Edit subject line
316,12,button,pull_up_message_templates_list,316,command + shift + o,y,,33000,,,,,,,Pull up message templates list
317,12,button,paste_without_format,317,command + shift + v,y,,28000,,,,,,,Paste without format
318,12,button,set_a_snooze_when_you_send,318,command + shift + l,y,,13500,,,,,,,Set a snooze when you send
319,12,button,change_case_between_uppercase_and_lowercase,319,shift + f3,y,,34000,,,,,,,Change case between uppercase and lowercase
320,12,button,move_to_a_previous_conversation,320,up_arrow,y,,2000,,,,,,,Move to a previous conversation
321,12,button,move_to_the_next_conversation,321,down_arrow,y,,1000,,,,,,,Move to the next conversation
322,12,button,cherry_pick_the_conversations,322,command + click,y,,19000,,,,,,,Cherry-pick the conversations you want to select
323,12,button,select_all_conversations,323,command + a,y,,20000,,,,,,,Select all conversations in order to take mass action
324,12,button,expand_close_the_plugin_side_panel,324,command + slash,y,,35000,,,,,,,Expand / Close the plugin side-panel
325,12,button,navigate_to_the_search_bar,325,shift + f,y,,15000,,,,,,,Navigate to the search bar
326,12,button,navigate_back_one_page,326,command + left_bracket,y,,16000,,,,,,,Navigate back one page
327,12,button,navigate_forward_one_page,327,command + right_bracket,y,,17000,,,,,,,Navigate forward one page
328,12,button,reply_to_the_most_recent_message,328,r,y,,7000,,,,,,,Reply to the most recent message
329,12,button,reply_to_the_most_recent_message_in_a_new_window,329,option + r,y,,8000,,,,,,,Reply to the most recent message in a new window
330,12,button,reply_all_to_the_most_recent_message,330,shift + r,y,,8500,,,,,,,Reply All to the most recent message
331,12,button,reply_all_to_the_most_recent_message_in_a_new_window,331,shift + option + r,y,,8750,,,,,,,Reply All to the most recent message in a new window
332,12,button,forward_a_conversation,332,j,y,,6500,,,,,,,Forward a conversation
333,12,button,moves_last_sender_to_bcc_adds_all_other_recipients_to_to_field_and_adds_text_to_email,333,command + shift + x,y,,36000,,,,,,,Moves last sender to Bcc / adds all other recipients to To field / and adds text to email
334,12,button,send_and_archive,334,command + enter,y,,5000,,,,,,,Send & Archive
335,12,button,send_the_message_without_archiving_it,335,command + shift + enter,y,,6000,,,,,,,Send the message without archiving it
336,12,button,archive_the_conversation,336,e,y,,4000,,,,,,,Archive the conversation
337,12,button,tag_a_conversation,337,t,y,,9000,,,,,,,Tag a conversation
338,12,button,assign_conversation_to_yourself,338,shift + a,y,,10000,,,,,,,Assign conversation to yourself
339,12,button,assign_conversation_to_a_team_member,339,shift + g,y,,11000,,,,,,,
340,12,button,move_the_conversation,340,shift + m,y,,11500,,,,,,,
341,11,button,create_new_page,341,command + n,y,,2000,,,,,,,
342,11,button,new_window,342,command + shift + n,y,,8500,,,,,,,
343,11,button,open_link_as_new_notion_tab,343,command + click,y,,8600,,,,,,,
344,11,button,new_tab,344,command + t,y,,6000,,,,,,,
345,11,button,search,345,command + k,y,,1000,,,,,,,
346,11,button,copy_page_url,346,command + l,y,,7000,,,,,,,
347,11,button,go_back,347,command + left_bracket,y,,4000,,,,,,,
348,11,button,go_forward,348,command + right_bracket,y,,5000,,,,,,,
349,11,button,previous_database_page,349,ctrl + shift + k,y,,36000,,,,,,,
350,11,button,next_database_page,350,ctrl + shift + j,y,,37000,,,,,,,
351,11,button,toggle_dark_light_mode,351,command + shift + l,y,,38000,,,,,,,
352,11,button,create_comment,352,command + shift + m,y,,8000,,,,,,,
353,11,button,bold_text,353,command + b,y,,9000,,,,,,,
354,11,button,italicize_text,354,command + i,y,,10000,,,,,,,
355,11,button,underline_text,355,command + u,y,,11000,,,,,,,
356,11,button,strikethrough_text,356,command + shift + s,y,,12000,,,,,,,
357,11,button,add_link,357,command + k,y,,13000,,,,,,,
358,11,button,inline_code,358,command + e,y,,14000,,,,,,,
359,11,button,create_text,359,command + option + 0,y,,15000,,,,,,,
360,11,button,create_h1_heading,360,command + option + 1,y,,16000,,,,,,,
361,11,button,create_h2_heading,361,command + option + 2,y,,17000,,,,,,,
362,11,button,create_h3_heading,362,command + option + 3,y,,18000,,,,,,,
363,11,button,create_todo_checkbox,363,command + option + 4,y,,19000,,,,,,,
364,11,button,create_bulleted_list,364,command + option + 5,y,,20000,,,,,,,
365,11,button,create_numbered_list,365,command + option + 6,y,,21000,,,,,,,
366,11,button,create_toggle_list,366,command + option + 7,y,,22000,,,,,,,
367,11,button,create_code_block,367,command + option + 8,y,,23000,,,,,,,
368,11,button,create_new_page_or_convert_line,368,command + option + 9,y,,24000,,,,,,,
369,11,button,zoom_in,369,command + plus,y,,25000,,,,,,,
370,11,button,zoom_out,370,command + minus,y,,26000,,,,,,,
371,11,button,go_up_one_level,371,command + shift + u,y,,27000,,,,,,,
372,11,button,edit_change_blocks,372,command + slash,y,,28000,,,,,,,
373,11,button,duplicate_blocks,373,command + d,y,,29000,,,,,,,
374,11,button,move_block,374,command + shift + arrow_keys,y,,30000,,,,,,,
375,11,button,expand_close_all_toggles,375,command + option + t,y,,31000,,,,,,,
376,11,button,apply_last_text_highlight_color,376,command + shift + h,y,,32000,,,,,,,
377,11,button,modify_current_block,377,command + enter,y,,33000,,,,,,,
378,11,button,move_to,378,command + shift + p,y,,34000,,,,,,,
379,11,button,ask_ai,379,command + j,y,,35000,,,,,,,
380,11,button,go_home,380,command + control + h,y,,3000,,,,,,,
381,11,button,go_inbox,381,command + option + u,y,,5500,,,,,,,
382,11,button,settings,382,command + comma,y,,39000,,,,,,,
383,20,button,send,383,return,y,,,,,,,,,
384,20,button,new_conversation,384,command + n,y,,,,,,,,,
385,20,button,search,385,command + f,y,,,,,,,,,
386,20,button,select_next_conversation,386,control + tab,y,,,,,,,,,
387,20,button,select_previous_conversation,387,shift + control + tab,y,,,,,,,,,
388,20,button,open_emojis,388,command + control + space,y,,,,,,,,,
389,20,button,copy_text,389,command + c,y,,,,,,,,,
390,20,button,paste_text,390,command + v,y,,,,,,,,,
391,20,button,open_settings,391,command +,y,,,,,,,,,
392,20,button,increase_text_size,392,command + +,y,,,,,,,,,
393,20,button,decrease_text_size,393,command + -,y,,,,,,,,,
394,20,button,reply_to_last_message,394,command + r,y,,,,,,,,,
395,20,button,add_tapback,395,command + t,y,,,,,,,,,
396,20,button,edit_sent_message,396,command + e,y,,,,,,,,,
397,20,button,open_conversation_info,397,command + i,y,,,,,,,,,
398,20,button,mark_conversation_read_unread,398,command + shift + u,y,,,,,,,,,
399,20,button,go_to_pinned_conversation,399,command + 1,y,,,,,,,,,
400,20,button,go_to_first_unpinned,400,command + option + 1,y,,,,,,,,,
401,20,button,show_all_conversations,401,command + control + 1,y,,,,,,,,,
402,20,button,show_known_senders,402,command + control + 2,y,,,,,,,,,
403,20,button,show_unknown_senders,403,command + control + 3,y,,,,,,,,,
404,20,button,show_unread_messages,404,command + control + 4,y,,,,,,,,,
405,20,button,show_recently_deleted,405,command + control + 5,y,,,,,,,,,
406,20,button,insert_line_break,406,option + return,y,,,,,,,,,
407,20,button,spelling_grammar_check,407,command + ;,y,,,,,,,,,
408,20,button,open_spelling_grammar,408,command + shift + :,y,,,,,,,,,
409,20,button,print_conversation,409,command + p,y,,,,,,,,,
410,20,button,hide_other_windows,410,command + option + h,y,,,,,,,,,
411,20,button,hide_unhide_alerts,411,command + option + m,y,,,,,,,,,
412,20,button,open_contact_card,412,command + option + b,y,,,,,,,,,
413,20,button,email_contact,413,command + option + e,y,,,,,,,,,
414,20,button,show_video_effects,414,command + shift + e,y,,,,,,,,,
415,20,button,delete_message,415,delete,y,,,,,,,,,
416,21,button,open_spotlight,416,command + space,y,,,,,,,,,
417,21,button,switch_apps,417,command + tab,y,,,,,,,,,
418,21,button,switch_windows,418,command + `,y,,,,,,,,,
419,21,button,show_launchpad,419,f4,y,,,,,,,,,
420,21,button,show_desktop,420,command + f3,y,,,,,,,,,
421,21,button,mission_control,421,control + up,y,,,,,,,,,
422,21,button,application_windows,422,control + down,y,,,,,,,,,
423,21,button,lock_screen,423,command + control + q,y,,,,,,,,,
424,21,button,copy,424,command + c,y,,,,,,,,,
425,21,button,paste,425,command + v,y,,,,,,,,,
426,21,button,cut,426,command + x,y,,,,,,,,,
427,21,button,save,427,command + s,y,,,,,,,,,
428,21,button,print,428,command + p,y,,,,,,,,,
429,21,button,quit_app,429,command + q,y,,,,,,,,,
430,21,button,new_window,430,command + n,y,,,,,,,,,
431,21,button,close_window,431,command + w,y,,,,,,,,,
432,21,button,undo,432,command + z,y,,,,,,,,,
433,21,button,redo,433,command + shift + z,y,,,,,,,,,
434,21,button,select_all,434,command + a,y,,,,,,,,,
435,21,button,find,435,command + f,y,,,,,,,,,
436,21,button,minimize_window,436,command + m,y,,,,,,,,,
437,21,button,hide_app,437,command + h,y,,,,,,,,,
438,21,button,take_screenshot,438,command + shift + 3,y,,,,,,,,,
439,21,button,take_partial_screenshot,439,command + shift + 4,y,,,,,,,,,
440,21,button,force_quit,440,command + option + esc,y,,,,,,,,,
441,21,button,open_preferences,441,command +,y,,,,,,,,,
442,21,button,zoom_in,442,command + +,y,,,,,,,,,
443,21,button,zoom_out,443,command + -,y,,,,,,,,,
444,21,button,open_help_menu,444,command + shift + /,y,,,,,,,,,
445,21,button,emoji_picker,445,command + control + space,y,,,,,,,,,
446,21,button,full_screen,446,command + control + f,y,,,,,,,,,
447,21,button,save_as,447,command + shift + s,y,,,,,,,,,
448,21,button,open,448,command + o,y,,,,,,,,,
449,21,button,new_tab,449,command + t,y,,,,,,,,,
450,21,button,close_tab,450,command + w,y,,,,,,,,,
451,21,button,switch_tab_right,451,control + tab,y,,,,,,,,,
452,21,button,switch_tab_left,452,control + shift + tab,y,,,,,,,,,
453,21,button,refresh_page,453,command + r,y,,,,,,,,,
454,21,button,open_downloads,454,command + option + l,y,,,,,,,,,
455,21,button,show_hide_sidebar,455,command + option + s,y,,,,,,,,,
456,21,button,show_hide_bookmarks,456,command + shift + b,y,,,,,,,,,
457,21,button,open_activity_monitor,457,command + option + esc,y,,,,,,,,,
458,21,button,empty_trash,458,command + shift + delete,y,,,,,,,,,
459,21,button,log_out,459,command + shift + q,y,,,,,,,,,
460,21,button,sleep,460,command + option + eject,y,,,,,,,,,
461,21,button,restart,461,command + control + eject,y,,,,,,,,,
462,21,button,shut_down,462,command + option + control + eject,y,,,,,,,,,
463,21,button,increase_brightness,463,f2,y,,,,,,,,,
464,21,button,decrease_brightness,464,f1,y,,,,,,,,,
465,21,button,increase_volume,465,f12,y,,,,,,,,,
466,21,button,decrease_volume,466,f11,y,,,,,,,,,
467,21,button,mute_unmute,467,f10,y,,,,,,,,,
468,21,button,show_notification_center,468,command + control + f8,y,,,,,,,,,