namespace_id,level_type,level_name,is_supported,is_classified,accessibility_support_rating,has_domain,is_accessed,empty_col
1,domain,gmail,y,y,5,n,,
2,app,google_chrome,y,y,5,y,,
3,app,safari,y,y,5,y,,
4,app,firefox,y,y,5,y,,
5,app,mail,y,y,5,n,,
6,app,microsoft_outlook,y,y,4,n,,
7,app,slack,y,y,3,n,y,
8,app,raiden_alpha,n,n,1,n,,
9,app,things,n,n,4,n,,
10,app,xcode,n,n,1,n,,
11,app,notion,y,n,3,n,y,
12,app,front,y,n,1,n,,
13,app,spotify,n,n,1,n,,
14,app,figma,n,n,2,n,,
15,app,arc,n,n,3,y,,
16,app,ableton,n,n,2,n,,
17,app,imovie,n,n,5,n,,
18,app,logic_pro,n,n,5,n,,
19,app,final_cut_pro,n,n,5,n,,
20,app,messages,y,n,1,n,y,
21,os,mac_os,y,n,1,n,y,