namespace_id,action_name,predicted_best_col,predicted_best_value,actual_best_col,actual_best_value,0|Root|AXTitle,0|Root|AXDescription,0|Root|AXRoleDescription,0|Root|AXValue,0|Root|AXHelp,0|Root|AXIdentifier,0|Root|AXRole,1|Root > Child[0]|AXTitle,1|Root > Child[0]|AXDescription,1|Root > Child[0]|AXRoleDescription,1|Root > Child[0]|AXValue,1|Root > Child[0]|AXHelp,1|Root > Child[0]|AXIdentifier,1|Root > Child[0]|AXRole,1|Root > Parent|AXTitle,1|Root > Parent|AXDescription,1|Root > Parent|AXRoleDescription,1|Root > Parent|AXValue,1|Root > Parent|AXHelp,1|Root > Parent|AXIdentifier,1|Root > Parent|AXRole,2|Root > Child[0] > Child[0]|AXTitle,2|Root > Child[0] > Child[0]|AXDescription,2|Root > Child[0] > Child[0]|AXRoleDescription,2|Root > Child[0] > Child[0]|AXValue,2|Root > Child[0] > Child[0]|AXHelp,2|Root > Child[0] > Child[0]|AXIdentifier,2|Root > Child[0] > Child[0]|AXRole,2|Root > Parent > Child[0]|AXTitle,2|Root > Parent > Child[0]|AXDescription,2|Root > Parent > Child[0]|AXRoleDescription,2|Root > Parent > Child[0]|AXValue,2|Root > Parent > Child[0]|AXHelp,2|Root > Parent > Child[0]|AXIdentifier,2|Root > Parent > Child[0]|AXRole,2|Root > Child[0] > Parent|AXTitle,2|Root > Child[0] > Parent|AXDescription,2|Root > Child[0] > Parent|AXRoleDescription,2|Root > Child[0] > Parent|AXValue,2|Root > Child[0] > Parent|AXHelp,2|Root > Child[0] > Parent|AXIdentifier,2|Root > Child[0] > Parent|AXRole,2|Root > Parent > Parent|AXTitle,2|Root > Parent > Parent|AXDescription,2|Root > Parent > Parent|AXRoleDescription,2|Root > Parent > Parent|AXValue,2|Root > Parent > Parent|AXHelp,2|Root > Parent > Parent|AXIdentifier,2|Root > Parent > Parent|AXRole,empty_column
app|notion,new_window,0|Root|AXTitle,New Window,,,New Window,,menu item,,,itemSelected:,AXMenuItem,,,,,,,,,,menu,,,,AXMenu,,,,,,,,New Tab,,menu item,,,itemSelected:,AXMenuItem,,,,,,,,File,,menu bar item,,,,AXMenuBarItem,
app|notion,new_tab,0|Root|AXTitle,New Tab,,,New Tab,,menu item,,,itemSelected:,AXMenuItem,,,,,,,,,,menu,,,,AXMenu,,,,,,,,New Tab,,menu item,,,itemSelected:,AXMenuItem,,,,,,,,File,,menu bar item,,,,AXMenuBarItem,
app|notion,search,0|Root|AXValue,Search,,,,,text,Search,,,AXStaticText,,,,,,,,,,group,,,,AXGroup,,,,,,,,,,text,Search,,,AXStaticText,,,,,,,,Search,,button,,,,AXButton,
app|notion,copy_page_url,0|Root|AXTitle,Copy Link to Current Page,,,Copy Link to Current Page,,menu item,,,itemSelected:,AXMenuItem,,,,,,,,,,menu,,,,AXMenu,,,,,,,,Undo,,menu item,,,undo:,AXMenuItem,,,,,,,,Edit,,menu bar item,,,,AXMenuBarItem,
app|notion,go_back,1|Root > Parent|AXDescription,Go back,,,,,graphics symbol,,,,AXImage,,,,,,,,,Go back,button,,,,AXButton,,,,,,,,,,graphics symbol,,,,AXImage,,,,,,,,,,group,,,,AXGroup,
app|notion,go_back,0|Root|AXTitle,Back,,,Back,,menu item,,,itemSelected:,AXMenuItem,,,,,,,,,,menu,,,,AXMenu,,,,,,,,Back,,menu item,,,itemSelected:,AXMenuItem,,,,,,,,History,,menu bar item,,,,AXMenuBarItem,
app|notion,go_back,1|Root > Parent|AXDescription,Go back,,,,,graphics symbol,,,,AXImage,,,,,,,,,Go back,button,,,,AXButton,,,,,,,,,,graphics symbol,,,,AXImage,,,,,,,,,,group,,,,AXGroup,
app|notion,go_forward,1|Root > Parent|AXDescription,Go forward,,,,,graphics symbol,,,,AXImage,,,,,,,,,Go forward,button,,,,AXButton,,,,,,,,,,graphics symbol,,,,AXImage,,,,,,,,,,group,,,,AXGroup,
app|notion,go_forward,0|Root|AXTitle,Forward,,,Forward,,menu item,,,itemSelected:,AXMenuItem,,,,,,,,,,menu,,,,AXMenu,,,,,,,,Back,,menu item,,,itemSelected:,AXMenuItem,,,,,,,,History,,menu bar item,,,,AXMenuBarItem,
app|notion,go_forward,1|Root > Parent|AXDescription,Go forward,,,,,graphics symbol,,,,AXImage,,,,,,,,,Go forward,button,,,,AXButton,,,,,,,,,,graphics symbol,,,,AXImage,,,,,,,,,,group,,,,AXGroup,
app|notion,new_tab,1|Root > Parent|AXDescription,New tab,,,,,graphics symbol,,,,AXImage,,,,,,,,,New tab,button,,,,AXButton,,,,,,,,,,graphics symbol,,,,AXImage,,,,,,,,,,group,,,,AXGroup,
app|notion,zoom_in,0|Root|AXTitle,Zoom In,,,Zoom In,,menu item,,,itemSelected:,AXMenuItem,,,,,,,,,,menu,,,,AXMenu,,,,,,,,Reload,,menu item,,,itemSelected:,AXMenuItem,,,,,,,,View,,menu bar item,,,,AXMenuBarItem,
app|notion,zoom_out,0|Root|AXTitle,Zoom Out,,,Zoom Out,,menu item,,,itemSelected:,AXMenuItem,,,,,,,,,,menu,,,,AXMenu,,,,,,,,Reload,,menu item,,,itemSelected:,AXMenuItem,,,,,,,,View,,menu bar item,,,,AXMenuBarItem,
app|notion,go_home,0|Root|AXValue,Home,,,,,text,Home,,,AXStaticText,,,,,,,,,,group,,,,AXGroup,,,,,,,,,,text,Home,,,AXStaticText,,,,,,,,,Home,link,,,,AXLink,
app|notion,go_inbox,0|Root|AXValue,Inbox,,,,,text,Inbox,,,AXStaticText,,,,,,,,,,group,,,,AXGroup,,,,,,,,,,text,Inbox,,,AXStaticText,,,,,,,,Inbox,,button,,,,AXButton,
app|notion,settings,0|Root|AXValue,Settings & members,,,,,text,Settings & members,,,AXStaticText,,,,,,,,,,group,,,,AXGroup,,,,,,,,,,text,Settings & members,,,AXStaticText,,,,,,,,Settings & members,,button,,,,AXButton,
app|notion,settings,0|Root|AXTitle,Settings…,,,Settings…,,menu item,,,itemSelected:,AXMenuItem,,,,,,,,,,menu,,,,AXMenu,,,,,,,,About Notion,,menu item,,,orderFrontStandardAboutPanel:,AXMenuItem,,,,,,,,Notion,,menu bar item,,,,AXMenuBarItem,
app|slack,compose,1|Root > Child[0]|AXTitle,New message,,,,,group,,,,AXGroup,New message,,tooltip,,,,AXGroup,,,group,,,,AXGroup,,,group,,,,AXGroup,,,group,,,,AXGroup,,,,,,,,,,group,,,,AXGroup,
app|slack,compose,0|Root|AXTitle,New Message,,,New Message,,menu item,,,itemSelected:,AXMenuItem,,,,,,,,,,menu,,,,AXMenu,,,,,,,,New Message,,menu item,,,itemSelected:,AXMenuItem,,,,,,,,File,,menu bar item,,,,AXMenuBarItem,
app|slack,send,0|Root|AXDescription,Send now,,,,Send now,button,,,,AXButton,,,,,,,,,Composer actions,toolbar,,,,AXToolbar,,,,,,,,,,group,,,,AXGroup,,,,,,,,,,group,,,,AXGroup,
app|slack,search,0|Root|AXTitle,Guy M (DM) - Build Together Hackathon - 6 new items - Slack,,,Guy M (DM) - Build Together Hackathon - 6 new items - Slack,,HTML content,,,,AXWebArea,,,group,,,,AXGroup,,,group,,,,AXGroup,,,group,,,,AXGroup,Guy M (DM) - Build Together Hackathon - 6 new items - Slack,,HTML content,,,,AXWebArea,,,,,,,,,,group,,,,AXGroup,
app|slack,search,1|Root > Child[0]|AXTitle,command   g,,,,,group,,,,AXGroup,command   g,,tooltip,,,,AXGroup,,,group,,,,AXGroup,,,group,,,,AXGroup,,,group,,,,AXGroup,,,,,,,,,,group,,,,AXGroup,
app|slack,go_back,0|Root|AXTitle,DMs - AI Engineer - Slack,,,DMs - AI Engineer - Slack,,HTML content,,,,AXWebArea,,,group,,,,AXGroup,,,group,,,,AXGroup,,,group,,,,AXGroup,DMs - AI Engineer - Slack,,HTML content,,,,AXWebArea,,,,,,,,,,group,,,,AXGroup,
app|slack,go_back,0|Root|AXDescription,Back in history,,,,Back in history,button,,,,AXButton,,,,,,,,,,group,,,,AXGroup,,,,,,,,,Show Workspace Switcher tablist,toggle button,,,,AXCheckBox,,,,,,,,,History Navigation,toolbar,,,,AXToolbar,
app|slack,go_back,1|Root > Child[0]|AXTitle,command   left bracket,,,,,group,,,,AXGroup,command   left bracket,,tooltip,,,,AXGroup,,,group,,,,AXGroup,,,group,,,,AXGroup,,,group,,,,AXGroup,,,,,,,,,,group,,,,AXGroup,
app|slack,go_back,0|Root|AXDescription,Back in history,,,,Back in history,button,,,,AXButton,,,,,,,,,,group,,,,AXGroup,,,,,,,,,Show Workspace Switcher tablist,toggle button,,,,AXCheckBox,,,,,,,,,History Navigation,toolbar,,,,AXToolbar,
app|slack,go_forward,1|Root > Child[0]|AXTitle,command   right bracket,,,,,group,,,,AXGroup,command   right bracket,,tooltip,,,,AXGroup,,,group,,,,AXGroup,,,group,,,,AXGroup,,,group,,,,AXGroup,,,,,,,,,,group,,,,AXGroup,
app|slack,go_forward,0|Root|AXDescription,Forward in history,,,,Forward in history,button,,,,AXButton,,,,,,,,,,group,,,,AXGroup,,,,,,,,,Show Workspace Switcher tablist,toggle button,,,,AXCheckBox,,,,,,,,,History Navigation,toolbar,,,,AXToolbar,
app|slack,go_home,1|Root > Parent|AXTitle,Guy (DM) - Interview Kickstart - Slack,,,,,group,,,,AXGroup,,,group,,,,AXGroup,Guy (DM) - Interview Kickstart - Slack,,HTML content,,,,AXWebArea,,,group,,,,AXGroup,,,group,,,,AXGroup,,,,,,,,,,group,,,,AXGroup,
app|slack,go_home,0|Root|AXDescription,Home,,,,Home,tab,,,,AXRadioButton,,,,,,,,,Interview Kickstart,tab group,,,,AXTabGroup,,,,,,,,,Home,tab,,,,AXRadioButton,,,,,,,,,,group,,,,AXGroup,
app|slack,go_dms,0|Root|AXDescription,DMs,,,,DMs,tab,,,,AXRadioButton,,,,,,,,,Interview Kickstart,tab group,,,,AXTabGroup,,,,,,,,,Home,tab,,,,AXRadioButton,,,,,,,,,,group,,,,AXGroup,
app|slack,go_dms,0|Root|AXDescription,DMs,,,,DMs,tab,,,,AXRadioButton,,,,,,,,,,group,,,,AXGroup,,,,,,,,,,group,,,,AXGroup,,,,,,,,Guy (DM) - Interview Kickstart - Slack,,HTML content,,,,AXWebArea,
app|slack,go_activity,1|Root > Parent|AXTitle,Guy (DM) - Interview Kickstart - Slack,,,,,group,,,,AXGroup,,,group,,,,AXGroup,Guy (DM) - Interview Kickstart - Slack,,HTML content,,,,AXWebArea,,,,,,,,,,group,,,,AXGroup,,,,,,,,,,group,,,,AXGroup,
app|slack,go_activity,1|Root > Parent|AXTitle,Activity - Interview Kickstart - Slack,,,,,group,,,,AXGroup,,,group,,,,AXGroup,Activity - Interview Kickstart - Slack,,HTML content,,,,AXWebArea,,,,,,,,,,group,,,,AXGroup,,,,,,,,,,group,,,,AXGroup,
app|slack,go_later,1|Root > Parent|AXTitle,Activity - Interview Kickstart - Slack,,,,,group,,,,AXGroup,,,group,,,,AXGroup,Activity - Interview Kickstart - Slack,,HTML content,,,,AXWebArea,,,,,,,,,,group,,,,AXGroup,,,,,,,,,,group,,,,AXGroup,
app|slack,go_later,1|Root > Parent|AXTitle,Later - Interview Kickstart - Slack,,,,,group,,,,AXGroup,,,group,,,,AXGroup,Later - Interview Kickstart - Slack,,HTML content,,,,AXWebArea,,,,,,,,,,group,,,,AXGroup,,,,,,,,,,group,,,,AXGroup,
app|slack,go_home,0|Root|AXDescription,Home,,,,Home,tab,,,,AXRadioButton,,,,,,,,,Interview Kickstart,tab group,,,,AXTabGroup,,,,,,,,,Home,tab,,,,AXRadioButton,,,,,,,,,,group,,,,AXGroup,
app|slack,go_dms,0|Root|AXTitle,All DMs,,,All DMs,,menu item,,,itemSelected:,AXMenuItem,,,,,,,,,,menu,,,,AXMenu,,,,,,,,Switch to Channel,,menu item,,,itemSelected:,AXMenuItem,,,,,,,,Go,,menu bar item,,,,AXMenuBarItem,
app|slack,go_activity,0|Root|AXTitle,Activity,,,Activity,,menu item,,,itemSelected:,AXMenuItem,,,,,,,,,,menu,,,,AXMenu,,,,,,,,Switch to Channel,,menu item,,,itemSelected:,AXMenuItem,,,,,,,,Go,,menu bar item,,,,AXMenuBarItem,
app|slack,go_later,0|Root|AXTitle,Later,,,Later,,menu item,,,itemSelected:,AXMenuItem,,,,,,,,,,menu,,,,AXMenu,,,,,,,,Switch to Channel,,menu item,,,itemSelected:,AXMenuItem,,,,,,,,Go,,menu bar item,,,,AXMenuBarItem,
app|slack,go_channels,0|Root|AXDescription,Channels,,,,Channels,tab,,,,AXRadioButton,,,,,,,,,Interview Kickstart,tab group,,,,AXTabGroup,,,,,,,,,Home,tab,,,,AXRadioButton,,,,,,,,,,group,,,,AXGroup,
app|slack,go_channels,0|Root|AXDescription,Channels,,,,Channels,tab,,,,AXRadioButton,,,,,,,,,Interview Kickstart,tab group,,,,AXTabGroup,,,,,,,,,Home,tab,,,,AXRadioButton,,,,,,,,,,group,,,,AXGroup,
app|slack,go_channels,0|Root|AXTitle,Channel Browser,,,Channel Browser,,menu item,,,itemSelected:,AXMenuItem,,,,,,,,,,menu,,,,AXMenu,,,,,,,,Switch to Channel,,menu item,,,itemSelected:,AXMenuItem,,,,,,,,Go,,menu bar item,,,,AXMenuBarItem,
app|slack,go_back,0|Root|AXTitle,Back,,,Back,,menu item,,,itemSelected:,AXMenuItem,,,,,,,,,,menu,,,,AXMenu,,,,,,,,Back,,menu item,,,itemSelected:,AXMenuItem,,,,,,,,History,,menu item,,,,AXMenuItem,
app|slack,go_back,0|Root|AXTitle,Back,,,Back,,menu item,,,itemSelected:,AXMenuItem,,,,,,,,,,menu,,,,AXMenu,,,,,,,,Back,,menu item,,,itemSelected:,AXMenuItem,,,,,,,,History,,menu item,,,,AXMenuItem,
app|slack,go_forward,0|Root|AXTitle,Forward,,,Forward,,menu item,,,itemSelected:,AXMenuItem,,,,,,,,,,menu,,,,AXMenu,,,,,,,,Back,,menu item,,,itemSelected:,AXMenuItem,,,,,,,,History,,menu item,,,,AXMenuItem,
app|slack,show_or_hide_sidebar,0|Root|AXTitle,Hide Sidebar,,,Hide Sidebar,,menu item,,,itemSelected:,AXMenuItem,,,,,,,,,,menu,,,,AXMenu,,,,,,,,Reload,,menu item,,,itemSelected:,AXMenuItem,,,,,,,,View,,menu bar item,,,,AXMenuBarItem,
app|slack,show_or_hide_sidebar,0|Root|AXTitle,Show Sidebar,,,Show Sidebar,,menu item,,,itemSelected:,AXMenuItem,,,,,,,,,,menu,,,,AXMenu,,,,,,,,Reload,,menu item,,,itemSelected:,AXMenuItem,,,,,,,,View,,menu bar item,,,,AXMenuBarItem,
app|slack,show_or_hide_sidebar,0|Root|AXDescription,Home,,,,Home,tab panel,,,,AXGroup,,,group,,,,AXGroup,,AI Engineer,tab panel,,,,AXGroup,,Sidebar width,slider,"0, fully collapsed",,,AXSlider,,,group,,,,AXGroup,,,,,,,,,,group,,,,AXGroup,
app|slack,toggle_workplace_switcher,1|Root > Child[0]|AXTitle,command   ⇧   s,,,,,group,,,,AXGroup,command   ⇧   s,,tooltip,,,,AXGroup,,,group,,,,AXGroup,,,group,,,,AXGroup,,,group,,,,AXGroup,,,,,,,,,,group,,,,AXGroup,
app|slack,toggle_workplace_switcher,0|Root|AXDescription,Show Workspace Switcher tablist,,,,Show Workspace Switcher tablist,toggle button,,,,AXCheckBox,,,,,,,,,,group,,,,AXGroup,,,,,,,,,Show Workspace Switcher tablist,toggle button,,,,AXCheckBox,,,,,,,,,History Navigation,toolbar,,,,AXToolbar,
app|slack,search_channels,0|Root|AXTitle,Search,,,Search,,menu item,,,itemSelected:,AXMenuItem,,,,,,,,,,menu,,,,AXMenu,,,,,,,,Undo,,menu item,,,undo:,AXMenuItem,,,,,,,,Edit,,menu bar item,,,,AXMenuBarItem,
app|slack,go_unreads,0|Root|AXValue,Unreads,,,,,text,Unreads,,,AXStaticText,,,,,,,,,,group,,,,AXGroup,,,,,,,,,,text,Unreads,,,AXStaticText,,,,,,,,Unreads,,outline row,,,,AXRow,
app|slack,go_unreads,0|Root|AXTitle,All Unreads,,,All Unreads,,menu item,,,itemSelected:,AXMenuItem,,,,,,,,,,menu,,,,AXMenu,,,,,,,,Switch to Channel,,menu item,,,itemSelected:,AXMenuItem,,,,,,,,Go,,menu bar item,,,,AXMenuBarItem,
app|slack,open_threads,0|Root|AXValue,Threads,,,,,text,Threads,,,AXStaticText,,,,,,,,,,group,,,,AXGroup,,,,,,,,,,text,Threads,,,AXStaticText,,,,,,,,Threads,,outline row,,,,AXRow,
app|slack,open_threads,0|Root|AXValue,Threads,,,,,text,Threads,,,AXStaticText,,,,,,,,,,group,,,,AXGroup,,,,,,,,,,text,Threads,,,AXStaticText,,,,,,,,Threads,,outline row,,,,AXRow,
app|slack,open_threads,0|Root|AXTitle,Threads,,,Threads,,menu item,,,itemSelected:,AXMenuItem,,,,,,,,,,menu,,,,AXMenu,,,,,,,,Switch to Channel,,menu item,,,itemSelected:,AXMenuItem,,,,,,,,Go,,menu bar item,,,,AXMenuBarItem,
app|slack,open_shortcuts,0|Root|AXTitle,Keyboard Shortcuts,,,Keyboard Shortcuts,,menu item,,,itemSelected:,AXMenuItem,,,,,,,,,,menu,,,,AXMenu,,,,,,,,,,menu item,,,searchFieldAction:,AXMenuItem,,,,,,,,Help,,menu bar item,,,,AXMenuBarItem,
app|slack,upload_file,0|Root|AXValue,Upload from your computer,,,,,text,Upload from your computer,,,AXStaticText,,,,,,,,,,group,,,,AXGroup,,,,,,,,,,text,Upload from your computer,,,AXStaticText,,,,,,,,Upload from your computer ⌘U,,menu item,,,,AXMenuItem,
app|slack,open_preferences,0|Root|AXTitle,Settings…,,,Settings…,,menu item,,,itemSelected:,AXMenuItem,,,,,,,,,,menu,,,,AXMenu,,,,,,,,About Slack,,menu item,,,orderFrontStandardAboutPanel:,AXMenuItem,,,,,,,,Slack,,menu bar item,,,,AXMenuBarItem,
app|slack,quit,0|Root|AXTitle,Quit Slack,,,Quit Slack,,menu item,,,itemSelected:,AXMenuItem,,,,,,,,,,menu,,,,AXMenu,,,,,,,,About Slack,,menu item,,,orderFrontStandardAboutPanel:,AXMenuItem,,,,,,,,Slack,,menu bar item,,,,AXMenuBarItem,
app|slack,format_italic,0|Root|AXDescription,Italic,,,,Italic,toggle button,,,,AXCheckBox,,,,,,,,,,group,,,,AXGroup,,,,,,,,,Bold,toggle button,,,,AXCheckBox,,,,,,,,,Formatting,toolbar,,,,AXToolbar,
app|slack,format_bold,0|Root|AXDescription,Bold,,,,Bold,toggle button,,,,AXCheckBox,,,,,,,,,,group,,,,AXGroup,,,,,,,,,Bold,toggle button,,,,AXCheckBox,,,,,,,,,Formatting,toolbar,,,,AXToolbar,
app|slack,format_bold,1|Root > Child[0]|AXTitle,command   b,,,,,group,,,,AXGroup,command   b,,tooltip,,,,AXGroup,,,group,,,,AXGroup,,,group,,,,AXGroup,,,group,,,,AXGroup,,,,,,,,,,group,,,,AXGroup,
app|slack,format_italic,1|Root > Child[0]|AXTitle,command   i,,,,,group,,,,AXGroup,command   i,,tooltip,,,,AXGroup,,,group,,,,AXGroup,,,group,,,,AXGroup,,,group,,,,AXGroup,,,,,,,,,,group,,,,AXGroup,
app|slack,format_strikethrough,0|Root|AXDescription,Strikethrough,,,,Strikethrough,toggle button,,,,AXCheckBox,,,,,,,,,,group,,,,AXGroup,,,,,,,,,Bold,toggle button,,,,AXCheckBox,,,,,,,,,Formatting,toolbar,,,,AXToolbar,
app|slack,format_strikethrough,0|Root|AXDescription,Strikethrough,,,,Strikethrough,toggle button,,,,AXCheckBox,,,,,,,,,,group,,,,AXGroup,,,,,,,,,Bold,toggle button,,,,AXCheckBox,,,,,,,,,Formatting,toolbar,,,,AXToolbar,
app|slack,format_code,0|Root|AXDescription,Code,,,,Code,toggle button,,,,AXCheckBox,,,,,,,,,,group,,,,AXGroup,,,,,,,,,Bold,toggle button,,,,AXCheckBox,,,,,,,,,Formatting,toolbar,,,,AXToolbar,
app|slack,format_code,0|Root|AXDescription,Code,,,,Code,toggle button,,,,AXCheckBox,,,,,,,,,,group,,,,AXGroup,,,,,,,,,Bold,toggle button,,,,AXCheckBox,,,,,,,,,Formatting,toolbar,,,,AXToolbar,
app|slack,open_help,0|Root|AXTitle,Open Help Center,,,Open Help Center,,menu item,,,itemSelected:,AXMenuItem,,,,,,,,,,menu,,,,AXMenu,,,,,,,,,,menu item,,,searchFieldAction:,AXMenuItem,,,,,,,,Help,,menu bar item,,,,AXMenuBarItem,
app|slack,move_to_next_workspace,0|Root|AXTitle,Select Next Workspace,,,Select Next Workspace,,menu item,,,itemSelected:,AXMenuItem,,,,,,,,,,menu,,,,AXMenu,,,,,,,,Interview Kickstart,,menu item,,,itemSelected:,AXMenuItem,,,,,,,,Workspace,,menu item,,,,AXMenuItem,
app|slack,move_to_previous_workspace,0|Root|AXTitle,Select Previous Workspace,,,Select Previous Workspace,,menu item,,,itemSelected:,AXMenuItem,,,,,,,,,,menu,,,,AXMenu,,,,,,,,Interview Kickstart,,menu item,,,itemSelected:,AXMenuItem,,,,,,,,Workspace,,menu item,,,,AXMenuItem,
app|slack,jump_to_a_conversation,0|Root|AXTitle,Switch to Channel,,,Switch to Channel,,menu item,,,itemSelected:,AXMenuItem,,,,,,,,,,menu,,,,AXMenu,,,,,,,,Switch to Channel,,menu item,,,itemSelected:,AXMenuItem,,,,,,,,Go,,menu bar item,,,,AXMenuBarItem,
app|slack,undo_formatting,0|Root|AXTitle,Undo,,,Undo,,menu item,,,undo:,AXMenuItem,,,,,,,,,,menu,,,,AXMenu,,,,,,,,Undo,,menu item,,,undo:,AXMenuItem,,,,,,,,Edit,,menu bar item,,,,AXMenuBarItem,
app|slack,redo_formatting,0|Root|AXTitle,Redo,,,Redo,,menu item,,,redo:,AXMenuItem,,,,,,,,,,menu,,,,AXMenu,,,,,,,,Undo,,menu item,,,undo:,AXMenuItem,,,,,,,,Edit,,menu bar item,,,,"AXMenuBarItem""MyApp""",format_link
app|slack,format_link,1|Root > Child[0]|AXTitle,command   shift   u,,,,,group,,,,AXGroup,command   shift   u,,tooltip,,,,AXGroup,,,group,,,,AXGroup,,,group,,,,AXGroup,,,group,,,,AXGroup,,,,,,,,,,group,,,,AXGroup,
app|arc,new_tab,0|Root|AXTitle,New Tab…,,,New Tab…,,menu item,,,newTabMenuItem,AXMenuItem,,,,,,,,,,menu,,,_NS:2192,AXMenu,,,,,,,,New Tab…,,menu item,,,newTabMenuItem,AXMenuItem,,,,,,,,File,,menu bar item,,,_NS:2188,AXMenuBarItem,
app|arc,new_tab,1|Root > Child[0]|AXDescription,New Tab,,,,,cell,,,,AXCell,,New Tab,image,,,,AXImage,,,outline row,,,,AXRow,,,,,,,,,,cell,,,,AXCell,,,,,,,,,,outline,,,sidebarAllTabList,AXOutline,
app|arc,new_window,0|Root|AXTitle,New Window,,,New Window,,menu item,,,newWindow,AXMenuItem,,,,,,,,,,menu,,,_NS:2192,AXMenu,,,,,,,,New Tab…,,menu item,,,newTabMenuItem,AXMenuItem,,,,,,,,File,,menu bar item,,,_NS:2188,AXMenuBarItem,
app|arc,find_in_page,0|Root|AXTitle,Find…,,,Find…,,menu item,,,_NS:799,AXMenuItem,,,,,,,,,,menu,,,_NS:2214,AXMenu,,,,,,,,Find…,,menu item,,,_NS:799,AXMenuItem,,,,,,,,Find,,menu item,,,_NS:2210,AXMenuItem,
app|arc,reload_page,0|Root|AXDescription,Reload this page,,,,Reload this page,button,,,,AXButton,,,,,,,,,,group,,,,AXGroup,,,,,,,,,Reload this page,button,,,,AXButton,,,,,,,,,,button,,,,AXButton,
app|arc,new_incognito_window,0|Root|AXTitle,New Incognito Window,,,New Incognito Window,,menu item,,,newIncognitoWindowMenuItemId,AXMenuItem,,,,,,,,,,menu,,,_NS:2192,AXMenu,,,,,,,,New Tab…,,menu item,,,newTabMenuItem,AXMenuItem,,,,,,,,File,,menu bar item,,,_NS:2188,AXMenuBarItem,
app|arc,copy_url,0|Root|AXTitle,Copy URL,,,Copy URL,,menu item,,,_NS:890,AXMenuItem,,,,,,,,,,menu,,,_NS:2204,AXMenu,,,,,,,,Undo,,menu item,,,_NS:1990,AXMenuItem,,,,,,,,Edit,,menu bar item,,,_NS:2200,AXMenuBarItem,
app|arc,toggle_sidebar,0|Root|AXDescription,Hide sidebar,,,,Hide sidebar,button,,,,AXButton,,,,,,,,,,group,,,,AXGroup,,,,,,,,,Hide sidebar,button,,,,AXButton,,,,,,,,,,button,,,,AXButton,
app|arc,toggle_sidebar,0|Root|AXDescription,Lock sidebar,,,,Lock sidebar,button,,,,AXButton,,,,,,,,,,group,,,,AXGroup,,,,,,,,,Lock sidebar,button,,,,AXButton,,,,,,,,,,button,,,,AXButton,
app|arc,go_back,0|Root|AXDescription,Go back,,,,Go back,button,,,,AXButton,,,,,,,,,,group,,,,AXGroup,,,,,,,,,Go back,button,,,,AXButton,,,,,,,,,,button,,,,AXButton,
app|arc,go_back,0|Root|AXTitle,Go Back,,,Go Back,,menu item,,,_NS:946,AXMenuItem,,,,,,,,,,menu,,,_NS:1540,AXMenu,,,,,,,,Go Back,,menu item,,,_NS:946,AXMenuItem,,,,,,,,Archive,,menu bar item,,,_NS:1536,AXMenuBarItem,
app|arc,go_forward,0|Root|AXDescription,Go forward,,,,Go forward,button,,,,AXButton,,,,,,,,,,group,,,,AXGroup,,,,,,,,,Go forward,button,,,,AXButton,,,,,,,,,,button,,,,AXButton,
app|arc,go_forward,0|Root|AXTitle,Go Forward,,,Go Forward,,menu item,,,_NS:61,AXMenuItem,,,,,,,,,,menu,,,_NS:1540,AXMenu,,,,,,,,Go Back,,menu item,,,_NS:946,AXMenuItem,,,,,,,,Archive,,menu bar item,,,_NS:1536,AXMenuBarItem,
app|arc,zoom_in,0|Root|AXTitle,Zoom In,,,Zoom In,,menu item,,,_NS:1051,AXMenuItem,,,,,,,,,,menu,,,_NS:2274,AXMenu,,,,,,,,Appearance,,menu item,,,_NS:2278,AXMenuItem,,,,,,,,View,,menu bar item,,,_NS:2270,AXMenuBarItem,
app|arc,zoom_out,0|Root|AXTitle,Zoom Out,,,Zoom Out,,menu item,,,_NS:93,AXMenuItem,,,,,,,,,,menu,,,_NS:2274,AXMenu,,,,,,,,Appearance,,menu item,,,_NS:2278,AXMenuItem,,,,,,,,View,,menu bar item,,,_NS:2270,AXMenuBarItem,
app|arc,reset_zoom,0|Root|AXTitle,Zoom to Actual Size,,,Zoom to Actual Size,,menu item,,,_NS:764,AXMenuItem,,,,,,,,,,menu,,,_NS:2274,AXMenu,,,,,,,,Appearance,,menu item,,,_NS:2278,AXMenuItem,,,,,,,,View,,menu bar item,,,_NS:2270,AXMenuBarItem,
app|arc,view_history,0|Root|AXTitle,View History,,,View History,,menu item,,,_NS:1144,AXMenuItem,,,,,,,,,,menu,,,_NS:1540,AXMenu,,,,,,,,Go Back,,menu item,,,_NS:946,AXMenuItem,,,,,,,,Archive,,menu bar item,,,_NS:1536,AXMenuBarItem,
app|arc,pin_unpin_tab,0|Root|AXTitle,Pin Tab,,,Pin Tab,,menu item,,,_NS:181,AXMenuItem,,,,,,,,,,menu,,,_NS:1687,AXMenu,,,,,,,,New Tab…,,menu item,,,_NS:1691,AXMenuItem,,,,,,,,Tabs,,menu bar item,,,_NS:1683,AXMenuBarItem,
app|arc,reopen_closed_tab,0|Root|AXTitle,Restore Last Closed Tab,,,Restore Last Closed Tab,,menu item,,,_NS:717,AXMenuItem,,,,,,,,,,menu,,,_NS:2192,AXMenu,,,,,,,,New Tab…,,menu item,,,newTabMenuItem,AXMenuItem,,,,,,,,File,,menu bar item,,,_NS:2188,AXMenuBarItem,
app|arc,open_little_arc,0|Root|AXTitle,New Little Arc Window,,,New Little Arc Window,,menu item,,,showLittleArc,AXMenuItem,,,,,,,,,,menu,,,_NS:2192,AXMenu,,,,,,,,New Tab…,,menu item,,,newTabMenuItem,AXMenuItem,,,,,,,,File,,menu bar item,,,_NS:2188,AXMenuBarItem,
app|arc,copy_url_as_markdown,0|Root|AXTitle,Copy URL as Markdown,,,Copy URL as Markdown,,menu item,,,_NS:402,AXMenuItem,,,,,,,,,,menu,,,_NS:2204,AXMenu,,,,,,,,Undo Move Item,,menu item,,,_NS:1990,AXMenuItem,,,,,,,,Edit,,menu bar item,,,_NS:2200,AXMenuBarItem,
app|arc,add_split_view,0|Root|AXTitle,Add Split View,,,Add Split View,,menu item,,,_NS:194,AXMenuItem,,,,,,,,,,menu,,,_NS:2274,AXMenu,,,,,,,,Appearance,,menu item,,,_NS:2278,AXMenuItem,,,,,,,,View,,menu bar item,,,_NS:2270,AXMenuBarItem,
app|arc,close_split_view,0|Root|AXTitle,Close this Split Pane,,,Close this Split Pane,,menu item,,,_NS:228,AXMenuItem,,,,,,,,,,menu,,,_NS:2274,AXMenu,,,,,,,,Appearance,,menu item,,,_NS:2278,AXMenuItem,,,,,,,,View,,menu bar item,,,_NS:2270,AXMenuBarItem,
app|arc,switch_to_next_tab,0|Root|AXTitle,Next Tab,,,Next Tab,,menu item,,,_NS:1388,AXMenuItem,,,,,,,,,,menu,,,_NS:1687,AXMenu,,,,,,,,New Tab…,,menu item,,,_NS:1691,AXMenuItem,,,,,,,,Tabs,,menu bar item,,,_NS:1683,AXMenuBarItem,
app|arc,switch_to_previous_tab,0|Root|AXTitle,Previous Tab,,,Previous Tab,,menu item,,,_NS:852,AXMenuItem,,,,,,,,,,menu,,,_NS:1687,AXMenu,,,,,,,,New Tab…,,menu item,,,_NS:1691,AXMenuItem,,,,,,,,Tabs,,menu bar item,,,_NS:1683,AXMenuBarItem,
app|arc,switch_to_next_space,0|Root|AXTitle,Next Space,,,Next Space,,menu item,,,_NS:808,AXMenuItem,,,,,,,,,,menu,,,_NS:1676,AXMenu,,,,,,,,New Space…,,menu item,,,_NS:1181,AXMenuItem,,,,,,,,Spaces,,menu bar item,,,_NS:1672,AXMenuBarItem,
app|arc,switch_to_previous_space,0|Root|AXTitle,Previous Space,,,Previous Space,,menu item,,,_NS:1108,AXMenuItem,,,,,,,,,,menu,,,_NS:1676,AXMenu,,,,,,,,New Space…,,menu item,,,_NS:1181,AXMenuItem,,,,,,,,Spaces,,menu bar item,,,_NS:1672,AXMenuBarItem,
app|figma,select_all,0|Root|AXTitle,Select All,,,Select All,,menu item,,,itemSelected:,AXMenuItem,,,,,,,,,,menu,,,,AXMenu,,,,,,,,Undo,,menu item,,,itemSelected:,AXMenuItem,,,,,,,,Edit,,menu bar item,,,,AXMenuBarItem,
app|figma,zoom_in,0|Root|AXTitle,Zoom In,,,Zoom In,,menu item,,,itemSelected:,AXMenuItem,,,,,,,,,,menu,,,,AXMenu,,,,,,,,Pixel Grid,,menu item,,,itemSelected:,AXMenuItem,,,,,,,,View,,menu bar item,,,,AXMenuBarItem,
app|figma,zoom_out,0|Root|AXTitle,Zoom Out,,,Zoom Out,,menu item,,,itemSelected:,AXMenuItem,,,,,,,,,,menu,,,,AXMenu,,,,,,,,Pixel Grid,,menu item,,,itemSelected:,AXMenuItem,,,,,,,,View,,menu bar item,,,,AXMenuBarItem,
app|figma,zoom_to_fit,0|Root|AXTitle,Zoom to Fit,,,Zoom to Fit,,menu item,,,itemSelected:,AXMenuItem,,,,,,,,,,menu,,,,AXMenu,,,,,,,,Pixel Grid,,menu item,,,itemSelected:,AXMenuItem,,,,,,,,View,,menu bar item,,,,AXMenuBarItem,
app|figma,zoom_to_selection,0|Root|AXTitle,Zoom to Selection,,,Zoom to Selection,,menu item,,,itemSelected:,AXMenuItem,,,,,,,,,,menu,,,,AXMenu,,,,,,,,Pixel Grid,,menu item,,,itemSelected:,AXMenuItem,,,,,,,,View,,menu bar item,,,,AXMenuBarItem,
app|figma,undo,0|Root|AXTitle,Undo,,,Undo,,menu item,,,itemSelected:,AXMenuItem,,,,,,,,,,menu,,,,AXMenu,,,,,,,,Undo,,menu item,,,itemSelected:,AXMenuItem,,,,,,,,Edit,,menu bar item,,,,AXMenuBarItem,
app|figma,redo,0|Root|AXTitle,Redo,,,Redo,,menu item,,,itemSelected:,AXMenuItem,,,,,,,,,,menu,,,,AXMenu,,,,,,,,Undo,,menu item,,,itemSelected:,AXMenuItem,,,,,,,,Edit,,menu bar item,,,,AXMenuBarItem,
app|figma,copy,0|Root|AXTitle,Copy,,,Copy,,menu item,,,copy:,AXMenuItem,,,,,,,,,,menu,,,,AXMenu,,,,,,,,Undo,,menu item,,,itemSelected:,AXMenuItem,,,,,,,,Edit,,menu bar item,,,,AXMenuBarItem,
app|figma,paste,0|Root|AXTitle,Paste,,,Paste,,menu item,,,paste:,AXMenuItem,,,,,,,,,,menu,,,,AXMenu,,,,,,,,Undo,,menu item,,,itemSelected:,AXMenuItem,,,,,,,,Edit,,menu bar item,,,,AXMenuBarItem,
app|figma,cut,0|Root|AXTitle,Cut,,,Cut,,menu item,,,cut:,AXMenuItem,,,,,,,,,,menu,,,,AXMenu,,,,,,,,Undo,,menu item,,,itemSelected:,AXMenuItem,,,,,,,,Edit,,menu bar item,,,,AXMenuBarItem,
app|figma,duplicate,0|Root|AXTitle,Duplicate,,,Duplicate,,menu item,,,itemSelected:,AXMenuItem,,,,,,,,,,menu,,,,AXMenu,,,,,,,,Undo,,menu item,,,itemSelected:,AXMenuItem,,,,,,,,Edit,,menu bar item,,,,AXMenuBarItem,
app|figma,delete,0|Root|AXTitle,Delete,,,Delete,,menu item,,,itemSelected:,AXMenuItem,,,,,,,,,,menu,,,,AXMenu,,,,,,,,Undo,,menu item,,,itemSelected:,AXMenuItem,,,,,,,,Edit,,menu bar item,,,,AXMenuBarItem,
app|figma,group_selection,0|Root|AXTitle,Group Selection,,,Group Selection,,menu item,,,itemSelected:,AXMenuItem,,,,,,,,,,menu,,,,AXMenu,,,,,,,,Frame Selection,,menu item,,,itemSelected:,AXMenuItem,,,,,,,,Object,,menu bar item,,,,AXMenuBarItem,
app|figma,ungroup_selection,0|Root|AXTitle,Ungroup Selection,,,Ungroup Selection,,menu item,,,itemSelected:,AXMenuItem,,,,,,,,,,menu,,,,AXMenu,,,,,,,,Frame Selection,,menu item,,,itemSelected:,AXMenuItem,,,,,,,,Object,,menu bar item,,,,AXMenuBarItem,
app|figma,frame_selection,0|Root|AXTitle,Frame Selection,,,Frame Selection,,menu item,,,itemSelected:,AXMenuItem,,,,,,,,,,menu,,,,AXMenu,,,,,,,,Frame Selection,,menu item,,,itemSelected:,AXMenuItem,,,,,,,,Object,,menu bar item,,,,AXMenuBarItem,
app|figma,bring_forward,0|Root|AXTitle,Bring Forward,,,Bring Forward,,menu item,,,itemSelected:,AXMenuItem,,,,,,,,,,menu,,,,AXMenu,,,,,,,,Frame Selection,,menu item,,,itemSelected:,AXMenuItem,,,,,,,,Object,,menu bar item,,,,AXMenuBarItem,
app|figma,send_backward,0|Root|AXTitle,Send Backward,,,Send Backward,,menu item,,,itemSelected:,AXMenuItem,,,,,,,,,,menu,,,,AXMenu,,,,,,,,Frame Selection,,menu item,,,itemSelected:,AXMenuItem,,,,,,,,Object,,menu bar item,,,,AXMenuBarItem,
app|figma,bring_to_front,0|Root|AXTitle,Bring to Front,,,Bring to Front,,menu item,,,itemSelected:,AXMenuItem,,,,,,,,,,menu,,,,AXMenu,,,,,,,,Frame Selection,,menu item,,,itemSelected:,AXMenuItem,,,,,,,,Object,,menu bar item,,,,AXMenuBarItem,
app|figma,send_to_back,0|Root|AXTitle,Send to Back,,,Send to Back,,menu item,,,itemSelected:,AXMenuItem,,,,,,,,,,menu,,,,AXMenu,,,,,,,,Frame Selection,,menu item,,,itemSelected:,AXMenuItem,,,,,,,,Object,,menu bar item,,,,AXMenuBarItem,
app|figma,toggle_mask,0|Root|AXTitle,Use as mask,,,Use as mask,,menu item,,,itemSelected:,AXMenuItem,,,,,,,,,,menu,,,,AXMenu,,,,,,,,Frame Selection,,menu item,,,itemSelected:,AXMenuItem,,,,,,,,Object,,menu bar item,,,,AXMenuBarItem,
app|figma,flatten_selection,0|Root|AXTitle,Flatten Selection,,,Flatten Selection,,menu item,,,itemSelected:,AXMenuItem,,,,,,,,,,menu,,,,AXMenu,,,,,,,,Frame Selection,,menu item,,,itemSelected:,AXMenuItem,,,,,,,,Object,,menu bar item,,,,AXMenuBarItem,
app|figma,show_hide_ui,0|Root|AXTitle,Show/Hide UI,,,Show/Hide UI,,menu item,,,itemSelected:,AXMenuItem,,,,,,,,,,menu,,,,AXMenu,,,,,,,,Pixel Grid,,menu item,,,itemSelected:,AXMenuItem,,,,,,,,View,,menu bar item,,,,AXMenuBarItem,
app|figma,show_hide_ui,0|Root|AXTitle,Show/Hide UI,,,Show/Hide UI,,menu item,,,itemSelected:,AXMenuItem,,,,,,,,,,menu,,,,AXMenu,,,,,,,,Pixel Grid,,menu item,,,itemSelected:,AXMenuItem,,,,,,,,View,,menu bar item,,,,AXMenuBarItem,
app|figma,export,0|Root|AXTitle,Export…,,,Export…,,menu item,,,itemSelected:,AXMenuItem,,,,,,,,,,menu,,,,AXMenu,,,,,,,,New Window,,menu item,,,itemSelected:,AXMenuItem,,,,,,,,File,,menu bar item,,,,AXMenuBarItem,
app|figma,save,0|Root|AXTitle,Save As .fig…,,,Save As .fig…,,menu item,,,itemSelected:,AXMenuItem,,,,,,,,,,menu,,,,AXMenu,,,,,,,,New Window,,menu item,,,itemSelected:,AXMenuItem,,,,,,,,File,,menu bar item,,,,AXMenuBarItem,
app|figma,open_file_browser,0|Root|AXTitle,Open File Browser,,,Open File Browser,,menu item,,,itemSelected:,AXMenuItem,,,,,,,,,,menu,,,,AXMenu,,,,,,,,New Window,,menu item,,,itemSelected:,AXMenuItem,,,,,,,,File,,menu bar item,,,,AXMenuBarItem,
app|figma,rename_layer,0|Root|AXDescription,Rename ⌘R,,,,Rename ⌘R,menu item,,,,AXMenuItem,,,group,,,,AXGroup,,,menu,,,,AXMenu,,,text,​,,,AXStaticText,,Copy ⌘C,menu item,,,,AXMenuItem,,,,,,,,,,group,,,,AXGroup,
app|figma,copy,0|Root|AXDescription,Copy ⌘C,,,,Copy ⌘C,menu item,,,,AXMenuItem,,,group,,,,AXGroup,,,menu,,,,AXMenu,,,text,​,,,AXStaticText,,Copy ⌘C,menu item,,,,AXMenuItem,,,,,,,,,,group,,,,AXGroup,
app|figma,group_selection,0|Root|AXValue,Group selection,,,,,text,Group selection,,,AXStaticText,,,,,,,,,,group,,,,AXGroup,,,,,,,,,,text,​,,,AXStaticText,,,,,,,,,Group selection ⌘G,menu item,,,,AXMenuItem,
app|figma,ungroup_selection,0|Root|AXDescription,Ungroup ⌘⌫,,,,Ungroup ⌘⌫,menu item,,,,AXMenuItem,,,group,,,,AXGroup,,,menu,,,,AXMenu,,,text,​,,,AXStaticText,,Copy ⌘C,menu item,,,,AXMenuItem,,,,,,,,,,group,,,,AXGroup,
app|figma,frame_selection,0|Root|AXValue,Frame selection,,,,,text,Frame selection,,,AXStaticText,,,,,,,,,,group,,,,AXGroup,,,,,,,,,,text,​,,,AXStaticText,,,,,,,,,Frame selection ⌥⌘G,menu item,,,,AXMenuItem,
app|figma,bring_to_front,0|Root|AXDescription,Bring to front ],,,,Bring to front ],menu item,,,,AXMenuItem,,,group,,,,AXGroup,,,menu,,,,AXMenu,,,text,​,,,AXStaticText,,Copy ⌘C,menu item,,,,AXMenuItem,,,,,,,,,,group,,,,AXGroup,
app|figma,send_to_back,0|Root|AXValue,Send to back,,,,,text,Send to back,,,AXStaticText,,,,,,,,,,group,,,,AXGroup,,,,,,,,,,text,​,,,AXStaticText,,,,,,,,,Send to back [,menu item,,,,AXMenuItem,
app|figma,bold,0|Root|AXTitle,Bold,,,Bold,,menu item,,,itemSelected:,AXMenuItem,,,,,,,,,,menu,,,,AXMenu,,,,,,,,Bold,,menu item,,,itemSelected:,AXMenuItem,,,,,,,,Text,,menu bar item,,,,AXMenuBarItem,
app|figma,italic,0|Root|AXTitle,Italic,,,Italic,,menu item,,,itemSelected:,AXMenuItem,,,,,,,,,,menu,,,,AXMenu,,,,,,,,Bold,,menu item,,,itemSelected:,AXMenuItem,,,,,,,,Text,,menu bar item,,,,AXMenuBarItem,
app|figma,underline,0|Root|AXTitle,Underline,,,Underline,,menu item,,,itemSelected:,AXMenuItem,,,,,,,,,,menu,,,,AXMenu,,,,,,,,Bold,,menu item,,,itemSelected:,AXMenuItem,,,,,,,,Text,,menu bar item,,,,AXMenuBarItem,
app|figma,increase_font_size,0|Root|AXTitle,Increase Font Size,,,Increase Font Size,,menu item,,,itemSelected:,AXMenuItem,,,,,,,,,,menu,,,,AXMenu,,,,,,,,Increase Indentation,,menu item,,,itemSelected:,AXMenuItem,,,,,,,,Adjust,,menu item,,,,AXMenuItem,
app|figma,decrease_font_size,0|Root|AXTitle,Decrease Font Size,,,Decrease Font Size,,menu item,,,itemSelected:,AXMenuItem,,,,,,,,,,menu,,,,AXMenu,,,,,,,,Increase Indentation,,menu item,,,itemSelected:,AXMenuItem,,,,,,,,Adjust,,menu item,,,,AXMenuItem,
app|figma,pick_color,0|Root|AXTitle,Pick Color,,,Pick Color,,menu item,,,itemSelected:,AXMenuItem,,,,,,,,,,menu,,,,AXMenu,,,,,,,,Undo,,menu item,,,itemSelected:,AXMenuItem,,,,,,,,Edit,,menu bar item,,,,AXMenuBarItem,
app|figma,text_left_align,0|Root|AXTitle,Align left,,,Align left,,radio button,,,,AXRadioButton,,,,,,,,,,group,,,,AXGroup,,,,,,,,Align left,,radio button,,,,AXRadioButton,,,,,,,,,Horizontal,group,,,,AXGroup,
app|figma,text_center_align,0|Root|AXTitle,Align center,,,Align center,,radio button,,,,AXRadioButton,,,,,,,,,,group,,,,AXGroup,,,,,,,,Align center,,radio button,,,,AXRadioButton,,,,,,,,,Horizontal,group,,,,AXGroup,
app|figma,text_right_align,0|Root|AXTitle,Align right,,,Align right,,radio button,,,,AXRadioButton,,,,,,,,,,group,,,,AXGroup,,,,,,,,Align right,,radio button,,,,AXRadioButton,,,,,,,,,Horizontal,group,,,,AXGroup,
app|figma,flip_horizontal,0|Root|AXValue,Flip horizontal,,,,,text,Flip horizontal,,,AXStaticText,,,,,,,,,,group,,,,AXGroup,,,,,,,,,,text,​,,,AXStaticText,,,,,,,,,Flip horizontal ⇧H,menu item,,,,AXMenuItem,
app|figma,flip_vertical,0|Root|AXDescription,Flip vertical ⇧V,,,,Flip vertical ⇧V,menu item,,,,AXMenuItem,,,group,,,,AXGroup,,,menu,,,,AXMenu,,,text,​,,,AXStaticText,,Copy ⌘C,menu item,,,,AXMenuItem,,,,,,,,,,group,,,,AXGroup,
app|figma,show_hide_selection,0|Root|AXTitle,Show/Hide Selection,,,Show/Hide Selection,,menu item,,,itemSelected:,AXMenuItem,,,,,,,,,,menu,,,,AXMenu,,,,,,,,Frame Selection,,menu item,,,itemSelected:,AXMenuItem,,,,,,,,Object,,menu bar item,,,,AXMenuBarItem,
app|figma,lock_unlock_selection,0|Root|AXTitle,Lock/Unlock Selection,,,Lock/Unlock Selection,,menu item,,,itemSelected:,AXMenuItem,,,,,,,,,,menu,,,,AXMenu,,,,,,,,Frame Selection,,menu item,,,itemSelected:,AXMenuItem,,,,,,,,Object,,menu bar item,,,,AXMenuBarItem,
app|figma,collapse_layers,0|Root|AXTitle,Collapse Layers,,,Collapse Layers,,menu item,,,itemSelected:,AXMenuItem,,,,,,,,,,menu,,,,AXMenu,,,,,,,,Frame Selection,,menu item,,,itemSelected:,AXMenuItem,,,,,,,,Object,,menu bar item,,,,AXMenuBarItem,
app|figma,increase_line_height,0|Root|AXTitle,Increase Line Height,,,Increase Line Height,,menu item,,,itemSelected:,AXMenuItem,,,,,,,,,,menu,,,,AXMenu,,,,,,,,Increase Indentation,,menu item,,,itemSelected:,AXMenuItem,,,,,,,,Adjust,,menu item,,,,AXMenuItem,
app|figma,decrease_line_height,0|Root|AXTitle,Decrease Line Height,,,Decrease Line Height,,menu item,,,itemSelected:,AXMenuItem,,,,,,,,,,menu,,,,AXMenu,,,,,,,,Increase Indentation,,menu item,,,itemSelected:,AXMenuItem,,,,,,,,Adjust,,menu item,,,,AXMenuItem,
app|figma,increase_letter_space,0|Root|AXTitle,Increase Letter Spacing,,,Increase Letter Spacing,,menu item,,,itemSelected:,AXMenuItem,,,,,,,,,,menu,,,,AXMenu,,,,,,,,Increase Indentation,,menu item,,,itemSelected:,AXMenuItem,,,,,,,,Adjust,,menu item,,,,AXMenuItem,
app|figma,increase_letter_space,0|Root|AXTitle,Decrease Letter Spacing,,,Decrease Letter Spacing,,menu item,,,itemSelected:,AXMenuItem,,,,,,,,,,menu,,,,AXMenu,,,,,,,,Increase Indentation,,menu item,,,itemSelected:,AXMenuItem,,,,,,,,Adjust,,menu item,,,,AXMenuItem,
app|figma,decrease_letter_space,0|Root|AXTitle,Decrease Letter Spacing,,,Decrease Letter Spacing,,menu item,,,itemSelected:,AXMenuItem,,,,,,,,,,menu,,,,AXMenu,,,,,,,,Increase Indentation,,menu item,,,itemSelected:,AXMenuItem,,,,,,,,Adjust,,menu item,,,,AXMenuItem,
app|figma,align_left,0|Root|AXDescription,align-left-as-group,,,,align-left-as-group,button,,,,AXButton,,,,,,,,,,group,,,,AXGroup,,,,,,,,,align-left-as-group,button,,,,AXButton,,,,,,,,,,group,,,,AXGroup,
app|figma,align_left,0|Root|AXDescription,align-left,,,,align-left,button,,,,AXButton,,,,,,,,,,group,,,,AXGroup,,,,,,,,,align-left,button,,,,AXButton,,,,,,,,,,group,,,,AXGroup,
app|figma,align_h_centers,0|Root|AXDescription,align-horizontal-center,,,,align-horizontal-center,button,,,,AXButton,,,,,,,,,,group,,,,AXGroup,,,,,,,,,align-left,button,,,,AXButton,,,,,,,,,,group,,,,AXGroup,
app|figma,align_h_centers,0|Root|AXDescription,align-horizontal-center,,,,align-horizontal-center,button,,,,AXButton,,,,,,,,,,group,,,,AXGroup,,,,,,,,,align-left,button,,,,AXButton,,,,,,,,,,group,,,,AXGroup,
app|figma,align_right,0|Root|AXDescription,align-right,,,,align-right,button,,,,AXButton,,,,,,,,,,group,,,,AXGroup,,,,,,,,,align-left,button,,,,AXButton,,,,,,,,,,group,,,,AXGroup,
app|figma,align_right,0|Root|AXDescription,align-right,,,,align-right,button,,,,AXButton,,,,,,,,,,group,,,,AXGroup,,,,,,,,,align-left,button,,,,AXButton,,,,,,,,,,group,,,,AXGroup,
app|figma,flip_horizontal,0|Root|AXTitle,Flip Horizontal,,,Flip Horizontal,,menu item,,,itemSelected:,AXMenuItem,,,,,,,,,,menu,,,,AXMenu,,,,,,,,Frame Selection,,menu item,,,itemSelected:,AXMenuItem,,,,,,,,Object,,menu bar item,,,,AXMenuBarItem,
app|figma,flip_vertical,0|Root|AXTitle,Flip Vertical,,,Flip Vertical,,menu item,,,itemSelected:,AXMenuItem,,,,,,,,,,menu,,,,AXMenu,,,,,,,,Frame Selection,,menu item,,,itemSelected:,AXMenuItem,,,,,,,,Object,,menu bar item,,,,AXMenuBarItem,
app|figma,align_left,0|Root|AXTitle,Align Left,,,Align Left,,menu item,,,itemSelected:,AXMenuItem,,,,,,,,,,menu,,,,AXMenu,,,,,,,,Round to Pixel,,menu item,,,itemSelected:,AXMenuItem,,,,,,,,Arrange,,menu bar item,,,,AXMenuBarItem,
app|figma,align_h_centers,0|Root|AXTitle,Align Horizontal Centers,,,Align Horizontal Centers,,menu item,,,itemSelected:,AXMenuItem,,,,,,,,,,menu,,,,AXMenu,,,,,,,,Round to Pixel,,menu item,,,itemSelected:,AXMenuItem,,,,,,,,Arrange,,menu bar item,,,,AXMenuBarItem,
app|figma,align_right,0|Root|AXTitle,Align Right,,,Align Right,,menu item,,,itemSelected:,AXMenuItem,,,,,,,,,,menu,,,,AXMenu,,,,,,,,Round to Pixel,,menu item,,,itemSelected:,AXMenuItem,,,,,,,,Arrange,,menu bar item,,,,AXMenuBarItem,
app|figma,align_top,0|Root|AXDescription,align-top,,,,align-top,button,,,,AXButton,,,,,,,,,,group,,,,AXGroup,,,,,,,,,align-left,button,,,,AXButton,,,,,,,,,,group,,,,AXGroup,
app|figma,align_top,0|Root|AXDescription,align-top,,,,align-top,button,,,,AXButton,,,,,,,,,,group,,,,AXGroup,,,,,,,,,align-left,button,,,,AXButton,,,,,,,,,,group,,,,AXGroup,
app|figma,align_top,0|Root|AXDescription,align-top,,,,align-top,button,,,,AXButton,,,,,,,,,,group,,,,AXGroup,,,,,,,,,align-left,button,,,,AXButton,,,,,,,,,,group,,,,AXGroup,
app|figma,align_top,0|Root|AXDescription,align-top-as-group,,,,align-top-as-group,button,,,,AXButton,,,,,,,,,,group,,,,AXGroup,,,,,,,,,align-left-as-group,button,,,,AXButton,,,,,,,,,,group,,,,AXGroup,
app|figma,align_top,0|Root|AXTitle,Align Top,,,Align Top,,menu item,,,itemSelected:,AXMenuItem,,,,,,,,,,menu,,,,AXMenu,,,,,,,,Round to Pixel,,menu item,,,itemSelected:,AXMenuItem,,,,,,,,Arrange,,menu bar item,,,,AXMenuBarItem,
app|figma,align_top,0|Root|AXTitle,Align Top,,,Align Top,,menu item,,,itemSelected:,AXMenuItem,,,,,,,,,,menu,,,,AXMenu,,,,,,,,Round to Pixel,,menu item,,,itemSelected:,AXMenuItem,,,,,,,,Arrange,,menu bar item,,,,AXMenuBarItem,
app|figma,align_v_centers,0|Root|AXDescription,align-vertical-center,,,,align-vertical-center,button,,,,AXButton,,,,,,,,,,group,,,,AXGroup,,,,,,,,,align-left,button,,,,AXButton,,,,,,,,,,group,,,,AXGroup,
app|figma,align_v_centers,0|Root|AXDescription,align-vertical-center,,,,align-vertical-center,button,,,,AXButton,,,,,,,,,,group,,,,AXGroup,,,,,,,,,align-left,button,,,,AXButton,,,,,,,,,,group,,,,AXGroup,
app|figma,align_v_centers,0|Root|AXTitle,Align Vertical Centers,,,Align Vertical Centers,,menu item,,,itemSelected:,AXMenuItem,,,,,,,,,,menu,,,,AXMenu,,,,,,,,Round to Pixel,,menu item,,,itemSelected:,AXMenuItem,,,,,,,,Arrange,,menu bar item,,,,AXMenuBarItem,
app|figma,align_bottom,0|Root|AXDescription,align-bottom,,,,align-bottom,button,,,,AXButton,,,,,,,,,,group,,,,AXGroup,,,,,,,,,align-left,button,,,,AXButton,,,,,,,,,,group,,,,AXGroup,
app|figma,align_bottom,0|Root|AXDescription,align-bottom-as-group,,,,align-bottom-as-group,button,,,,AXButton,,,,,,,,,,group,,,,AXGroup,,,,,,,,,align-left-as-group,button,,,,AXButton,,,,,,,,,,group,,,,AXGroup,
app|figma,align_bottom,0|Root|AXDescription,align-bottom,,,,align-bottom,button,,,,AXButton,,,,,,,,,,group,,,,AXGroup,,,,,,,,,align-left,button,,,,AXButton,,,,,,,,,,group,,,,AXGroup,
app|figma,align_bottom,0|Root|AXTitle,Align Bottom,,,Align Bottom,,menu item,,,itemSelected:,AXMenuItem,,,,,,,,,,menu,,,,AXMenu,,,,,,,,Round to Pixel,,menu item,,,itemSelected:,AXMenuItem,,,,,,,,Arrange,,menu bar item,,,,AXMenuBarItem,
app|figma,tidy_up,0|Root|AXTitle,Tidy Up,,,Tidy Up,,menu item,,,itemSelected:,AXMenuItem,,,,,,,,,,menu,,,,AXMenu,,,,,,,,Round to Pixel,,menu item,,,itemSelected:,AXMenuItem,,,,,,,,Arrange,,menu bar item,,,,AXMenuBarItem,
app|figma,distribute_h_spacing,0|Root|AXTitle,Distribute Horizontal Spacing,,,Distribute Horizontal Spacing,,menu item,,,itemSelected:,AXMenuItem,,,,,,,,,,menu,,,,AXMenu,,,,,,,,Round to Pixel,,menu item,,,itemSelected:,AXMenuItem,,,,,,,,Arrange,,menu bar item,,,,AXMenuBarItem,
app|figma,distribute_v_spacing,0|Root|AXTitle,Distribute Vertical Spacing,,,Distribute Vertical Spacing,,menu item,,,itemSelected:,AXMenuItem,,,,,,,,,,menu,,,,AXMenu,,,,,,,,Round to Pixel,,menu item,,,itemSelected:,AXMenuItem,,,,,,,,Arrange,,menu bar item,,,,AXMenuBarItem,
app|final_cut_pro,redo_change,0|Root|AXTitle,Redo Trim,,,Redo Trim,,menu item,,,_NS:848,AXMenuItem,,,,,,,,,,menu,,,_NS:2516,AXMenu,,,,,,,,Undo Trim,,menu item,,,_NS:818,AXMenuItem,,,,,,,,Edit,,menu bar item,,,_NS:2513,AXMenuBarItem,
app|final_cut_pro,copy,0|Root|AXTitle,Copy,,,Copy,,menu item,,,_NS:812,AXMenuItem,,,,,,,,,,menu,,,_NS:2516,AXMenu,,,,,,,,Undo Trim,,menu item,,,_NS:818,AXMenuItem,,,,,,,,Edit,,menu bar item,,,_NS:2513,AXMenuBarItem,
app|final_cut_pro,paste_insert_at_playhead,0|Root|AXTitle,Paste,,,Paste,,menu item,,,_NS:836,AXMenuItem,,,,,,,,,,menu,,,_NS:2516,AXMenu,,,,,,,,Undo Trim,,menu item,,,_NS:818,AXMenuItem,,,,,,,,Edit,,menu bar item,,,_NS:2513,AXMenuBarItem,
app|final_cut_pro,cut,0|Root|AXTitle,Cut,,,Cut,,menu item,,,_NS:824,AXMenuItem,,,,,,,,,,menu,,,_NS:2516,AXMenu,,,,,,,,Undo Paste,,menu item,,,_NS:818,AXMenuItem,,,,,,,,Edit,,menu bar item,,,_NS:2513,AXMenuBarItem,
app|final_cut_pro,select_all,0|Root|AXTitle,Select All,,,Select All,,menu item,,,_NS:842,AXMenuItem,,,,,,,,,,menu,,,_NS:2516,AXMenu,,,,,,,,Undo Cut,,menu item,,,_NS:818,AXMenuItem,,,,,,,,Edit,,menu bar item,,,_NS:2513,AXMenuBarItem,
app|final_cut_pro,delete,0|Root|AXTitle,Delete,,,Delete,,menu item,,,_NS:830,AXMenuItem,,,,,,,,,,menu,,,_NS:2516,AXMenu,,,,,,,,Undo Cut,,menu item,,,_NS:818,AXMenuItem,,,,,,,,Edit,,menu bar item,,,_NS:2513,AXMenuBarItem,
app|final_cut_pro,new_project,0|Root|AXTitle,Project…,,,Project…,,menu item,,,_NS:858,AXMenuItem,,,,,,,,,,menu,,,_NS:2484,AXMenu,,,,,,,,Project…,,menu item,,,_NS:858,AXMenuItem,,,,,,,,New,,menu item,,,_NS:2480,AXMenuItem,
app|final_cut_pro,settings,0|Root|AXTitle,Settings…,,,Settings…,,menu item,,,_NS:61,AXMenuItem,,,,,,,,,,menu,,,_NS:52,AXMenu,,,,,,,,About Final Cut Pro,,menu item,,,_NS:56,AXMenuItem,,,,,,,,Final Cut Pro,,menu bar item,,,_NS:47,AXMenuBarItem,
app|final_cut_pro,find,0|Root|AXTitle,Find…,,,Find…,,menu item,,,_NS:806,AXMenuItem,,,,,,,,,,menu,,,_NS:2516,AXMenu,,,,,,,,Undo,,menu item,,,_NS:818,AXMenuItem,,,,,,,,Edit,,menu bar item,,,_NS:2513,AXMenuBarItem,
app|final_cut_pro,import_media,0|Root|AXDescription,"Import media from a device, camera, or archive",,,,"Import media from a device, camera, or archive",button,,,,AXButton,,,,,,,,,,toolbar,,,,AXToolbar,,,,,,,,,"Import media from a device, camera, or archive",button,,,,AXButton,,,,,,,,Final Cut Pro,,standard window,,,,AXWindow,
app|final_cut_pro,import_media,0|Root|AXTitle,Media…,,,Media…,,menu item,,,_NS:1759,AXMenuItem,,,,,,,,,,menu,,,_NS:2496,AXMenu,,,,,,,,Media…,,menu item,,,_NS:1759,AXMenuItem,,,,,,,,Import,,menu item,,,_NS:2492,AXMenuItem,
app|final_cut_pro,expand_audio,0|Root|AXTitle,Expand Audio,,,Expand Audio,,menu item,,,_NS:350,AXMenuItem,,,,,,,,,,menu,,,_NS:321,AXMenu,,,,,,,,New Compound Clip…,,menu item,,,_NS:326,AXMenuItem,,,,,,,,,Project Timeline,layout area,,,_NS:666,AXLayoutArea,
app|final_cut_pro,append_to_storyline,0|Root|AXTitle,Append to Storyline,,,Append to Storyline,,menu item,,,_NS:1040,AXMenuItem,,,,,,,,,,menu,,,_NS:2516,AXMenu,,,,,,,,Undo Add,,menu item,,,_NS:818,AXMenuItem,,,,,,,,Edit,,menu bar item,,,_NS:2513,AXMenuBarItem,
app|final_cut_pro,insert,0|Root|AXTitle,Insert,,,Insert,,menu item,,,_NS:920,AXMenuItem,,,,,,,,,,menu,,,_NS:2516,AXMenu,,,,,,,,Undo Append to Storyline,,menu item,,,_NS:818,AXMenuItem,,,,,,,,Edit,,menu bar item,,,_NS:2513,AXMenuBarItem,
app|final_cut_pro,overwrite,0|Root|AXTitle,Overwrite,,,Overwrite,,menu item,,,_NS:1151,AXMenuItem,,,,,,,,,,menu,,,_NS:2516,AXMenu,,,,,,,,Undo Insert,,menu item,,,_NS:818,AXMenuItem,,,,,,,,Edit,,menu bar item,,,_NS:2513,AXMenuBarItem,
app|final_cut_pro,lift_from_storyline,0|Root|AXTitle,Lift from Storyline,,,Lift from Storyline,,menu item,,,_NS:1163,AXMenuItem,,,,,,,,,,menu,,,_NS:2516,AXMenu,,,,,,,,Undo Overwrite,,menu item,,,_NS:818,AXMenuItem,,,,,,,,Edit,,menu bar item,,,_NS:2513,AXMenuBarItem,
app|final_cut_pro,connect_to_primary_storyline,0|Root|AXTitle,Connect to Primary Storyline,,,Connect to Primary Storyline,,menu item,,,_NS:1046,AXMenuItem,,,,,,,,,,menu,,,_NS:2516,AXMenu,,,,,,,,Undo Lift from Storyline,,menu item,,,_NS:818,AXMenuItem,,,,,,,,Edit,,menu bar item,,,_NS:2513,AXMenuBarItem,
app|final_cut_pro,select_clip,0|Root|AXTitle,Select Clip,,,Select Clip,,menu item,,,_NS:1002,AXMenuItem,,,,,,,,,,menu,,,_NS:2516,AXMenu,,,,,,,,Undo Connect to Primary Storyline,,menu item,,,_NS:818,AXMenuItem,,,,,,,,Edit,,menu bar item,,,_NS:2513,AXMenuBarItem,
app|final_cut_pro,blade,0|Root|AXTitle,Blade,,,Blade,,menu item,,,selectToolBlade:,AXMenuItem,,,,,,,,,,menu,,,,AXMenu,,,,,,,,Select,,menu item,,,selectToolArrowOrRangeSelection:,AXMenuItem,,,,,,,,,,group,,,,AXGroup,
app|final_cut_pro,append_to_storyline,0|Root|AXDescription,Append to timeline button,,,,Append to timeline button,button,,Append the selected clip to the primary storyline or the selected storyline - E,_NS:156,AXButton,,,,,,,,,,group,,,,AXGroup,,,,,,,,,"Solo, Toggle Audio Waveforms, Toggle Snapping",group,,,_NS:207,AXGroup,,,,,,,,,,group,,,,AXGroup,
app|final_cut_pro,insert,0|Root|AXDescription,Insert in timeline button,,,,Insert in timeline button,button,,Insert the selected clip in the primary storyline or the selected storyline - W,_NS:147,AXButton,,,,,,,,,,group,,,,AXGroup,,,,,,,,,"Solo, Toggle Audio Waveforms, Toggle Snapping",group,,,_NS:207,AXGroup,,,,,,,,,,group,,,,AXGroup,
app|final_cut_pro,overwrite,0|Root|AXDescription,Overwrite in timeline button,,,,Overwrite in timeline button,button,,Overwrite the primary storyline or the selected storyline with the selected clip - D,_NS:113,AXButton,,,,,,,,,,group,,,,AXGroup,,,,,,,,,"Solo, Toggle Audio Waveforms, Toggle Snapping",group,,,_NS:207,AXGroup,,,,,,,,,,group,,,,AXGroup,
app|final_cut_pro,connect_to_primary_storyline,0|Root|AXDescription,Append to timeline button,,,,Append to timeline button,button,,Connect the selected clip to the primary storyline - Q,_NS:10,AXButton,,,,,,,,,,group,,,,AXGroup,,,,,,,,,"Solo, Toggle Audio Waveforms, Toggle Snapping",group,,,_NS:207,AXGroup,,,,,,,,,,group,,,,AXGroup,
app|final_cut_pro,select_clip,0|Root|AXTitle,Select Clip,,,Select Clip,,menu item,,,_NS:1002,AXMenuItem,,,,,,,,,,menu,,,_NS:2516,AXMenu,,,,,,,,Undo Connect to Primary Storyline,,menu item,,,_NS:818,AXMenuItem,,,,,,,,Edit,,menu bar item,,,_NS:2513,AXMenuBarItem,
app|final_cut_pro,go_to_beginning,0|Root|AXTitle,Beginning,,,Beginning,,menu item,,,_NS:416,AXMenuItem,,,,,,,,,,menu,,,_NS:404,AXMenu,,,,,,,,Range Start,,menu item,,,_NS:408,AXMenuItem,,,,,,,,Go to,,menu item,,,_NS:400,AXMenuItem,
app|final_cut_pro,go_to_end,0|Root|AXTitle,End,,,End,,menu item,,,_NS:420,AXMenuItem,,,,,,,,,,menu,,,_NS:404,AXMenu,,,,,,,,Range Start,,menu item,,,_NS:408,AXMenuItem,,,,,,,,Go to,,menu item,,,_NS:400,AXMenuItem,
app|final_cut_pro,go_back_10_frames,0|Root|AXTitle,Frame,,,Frame,,menu item,,,_NS:432,AXMenuItem,,,,,,,,,,menu,,,_NS:428,AXMenu,,,,,,,,Frame,,menu item,,,_NS:432,AXMenuItem,,,,,,,,Previous,,menu item,,,_NS:424,AXMenuItem,
app|final_cut_pro,go_forward_10_frames,0|Root|AXTitle,Frame,,,Frame,,menu item,,,_NS:456,AXMenuItem,,,,,,,,,,menu,,,_NS:452,AXMenu,,,,,,,,Frame,,menu item,,,_NS:456,AXMenuItem,,,,,,,,Next,,menu item,,,_NS:448,AXMenuItem,
app|final_cut_pro,go_to_next_edit,0|Root|AXTitle,Edit,,,Edit,,menu item,,,_NS:459,AXMenuItem,,,,,,,,,,menu,,,_NS:452,AXMenu,,,,,,,,Frame,,menu item,,,_NS:456,AXMenuItem,,,,,,,,Next,,menu item,,,_NS:448,AXMenuItem,
app|final_cut_pro,go_to_previous_edit,0|Root|AXTitle,Edit,,,Edit,,menu item,,,_NS:436,AXMenuItem,,,,,,,,,,menu,,,_NS:428,AXMenu,,,,,,,,Frame,,menu item,,,_NS:432,AXMenuItem,,,,,,,,Previous,,menu item,,,_NS:424,AXMenuItem,
app|final_cut_pro,nudge_left,0|Root|AXTitle,Nudge Left,,,Nudge Left,,menu item,,,_NS:1949,AXMenuItem,,,,,,,,,,menu,,,_NS:2581,AXMenu,,,,,,,,Blade,,menu item,,,_NS:1973,AXMenuItem,,,,,,,,Trim,,menu bar item,,,_NS:2577,AXMenuBarItem,
app|final_cut_pro,nudge_right,0|Root|AXTitle,Nudge Right,,,Nudge Right,,menu item,,,_NS:1943,AXMenuItem,,,,,,,,,,menu,,,_NS:2581,AXMenu,,,,,,,,Blade,,menu item,,,_NS:1973,AXMenuItem,,,,,,,,Trim,,menu bar item,,,_NS:2577,AXMenuBarItem,
app|final_cut_pro,solo,0|Root|AXTitle,Solo,,,Solo,,menu item,,,_NS:996,AXMenuItem,,,,,,,,,,menu,,,_NS:2594,AXMenu,,,,,,,,Create Storyline,,menu item,,,_NS:1373,AXMenuItem,,,,,,,,Clip,,menu bar item,,,_NS:2590,AXMenuBarItem,
app|final_cut_pro,solo,0|Root|AXHelp,Solo the selected items in the timeline - ⌥S,,,,,checkbox,,Solo the selected items in the timeline - ⌥S,,AXCheckBox,,,,,,,,,"Solo, Toggle Audio Waveforms, Toggle Snapping",group,,,_NS:207,AXGroup,,,,,,,,,,checkbox,,Toggle continuous scrolling for the timeline during playback - ⌥⇧S,,AXCheckBox,,,,,,,,,,group,,,,AXGroup,
app|final_cut_pro,solo,0|Root|AXHelp,Solo the selected items in the timeline - ⌥S,,,,,checkbox,,Solo the selected items in the timeline - ⌥S,,AXCheckBox,,,,,,,,,"Solo, Toggle Audio Waveforms, Toggle Snapping",group,,,_NS:207,AXGroup,,,,,,,,,,checkbox,,Toggle continuous scrolling for the timeline during playback - ⌥⇧S,,AXCheckBox,,,,,,,,,,group,,,,AXGroup,
app|final_cut_pro,snapping,0|Root|AXHelp,Turn snapping on or off - N,,,,,checkbox,,Turn snapping on or off - N,,AXCheckBox,,,,,,,,,"Solo, Toggle Audio Waveforms, Toggle Snapping",group,,,_NS:207,AXGroup,,,,,,,,,,checkbox,,Toggle continuous scrolling for the timeline during playback - ⌥⇧S,,AXCheckBox,,,,,,,,,,group,,,,AXGroup,
app|final_cut_pro,snapping,0|Root|AXHelp,Turn snapping on or off - N,,,,,checkbox,,Turn snapping on or off - N,,AXCheckBox,,,,,,,,,"Solo, Toggle Audio Waveforms, Toggle Snapping",group,,,_NS:207,AXGroup,,,,,,,,,,checkbox,,Toggle continuous scrolling for the timeline during playback - ⌥⇧S,,AXCheckBox,,,,,,,,,,group,,,,AXGroup,
app|final_cut_pro,snapping,0|Root|AXTitle,Snapping,,,Snapping,,menu item,,,_NS:1032,AXMenuItem,,,,,,,,,,menu,,,_NS:2701,AXMenu,,,,,,,,Playback,,menu item,,,_NS:2705,AXMenuItem,,,,,,,,View,,menu bar item,,,_NS:2697,AXMenuBarItem,
app|final_cut_pro,snapping,0|Root|AXTitle,Snapping,,,Snapping,,menu item,,,_NS:1032,AXMenuItem,,,,,,,,,,menu,,,_NS:2701,AXMenu,,,,,,,,Playback,,menu item,,,_NS:2705,AXMenuItem,,,,,,,,View,,menu bar item,,,_NS:2697,AXMenuBarItem,
app|final_cut_pro,show_hide_precision_editor,0|Root|AXTitle,Show Precision Editor,,,Show Precision Editor,,menu item,,,_NS:1399,AXMenuItem,,,,,,,,,,menu,,,_NS:2701,AXMenu,,,,,,,,Playback,,menu item,,,_NS:2705,AXMenuItem,,,,,,,,View,,menu bar item,,,_NS:2697,AXMenuBarItem,
app|final_cut_pro,show_hide_precision_editor,0|Root|AXTitle,Hide Precision Editor,,,Hide Precision Editor,,menu item,,,_NS:1399,AXMenuItem,,,,,,,,,,menu,,,_NS:2701,AXMenu,,,,,,,,Playback,,menu item,,,_NS:2705,AXMenuItem,,,,,,,,View,,menu bar item,,,_NS:2697,AXMenuBarItem,
app|final_cut_pro,toggle_audio_skimming,0|Root|AXHelp,Turn audio skimming on or off - ⇧S,,,,,checkbox,,Turn audio skimming on or off - ⇧S,,AXCheckBox,,,,,,,,,"Solo, Toggle Audio Waveforms, Toggle Snapping",group,,,_NS:207,AXGroup,,,,,,,,,,checkbox,,Toggle continuous scrolling for the timeline during playback - ⌥⇧S,,AXCheckBox,,,,,,,,,,group,,,,AXGroup,
app|final_cut_pro,toggle_audio_skimming,0|Root|AXHelp,Turn audio skimming on or off - ⇧S,,,,,checkbox,,Turn audio skimming on or off - ⇧S,,AXCheckBox,,,,,,,,,"Solo, Toggle Audio Waveforms, Toggle Snapping",group,,,_NS:207,AXGroup,,,,,,,,,,checkbox,,Toggle continuous scrolling for the timeline during playback - ⌥⇧S,,AXCheckBox,,,,,,,,,,group,,,,AXGroup,
app|final_cut_pro,toggle_audio_skimming,0|Root|AXTitle,Audio Skimming,,,Audio Skimming,,menu item,,,_NS:1684,AXMenuItem,,,,,,,,,,menu,,,_NS:2701,AXMenu,,,,,,,,Playback,,menu item,,,_NS:2705,AXMenuItem,,,,,,,,View,,menu bar item,,,_NS:2697,AXMenuBarItem,
app|final_cut_pro,toggle_clip_skimming,0|Root|AXHelp,Turn skimming on or off - S,,,,,checkbox,,Turn skimming on or off - S,,AXCheckBox,,,,,,,,,"Solo, Toggle Audio Waveforms, Toggle Snapping",group,,,_NS:207,AXGroup,,,,,,,,,,checkbox,,Toggle continuous scrolling for the timeline during playback - ⌥⇧S,,AXCheckBox,,,,,,,,,,group,,,,AXGroup,
app|final_cut_pro,toggle_clip_skimming,0|Root|AXTitle,Clip Skimming,,,Clip Skimming,,menu item,,,_NS:870,AXMenuItem,,,,,,,,,,menu,,,_NS:2701,AXMenu,,,,,,,,Playback,,menu item,,,_NS:2705,AXMenuItem,,,,,,,,View,,menu bar item,,,_NS:2697,AXMenuBarItem,
app|zoom,mute_unmute_audio,0|Root|AXDescription,Mute my audio,,,,Mute my audio,button,,Press  (⇧⌘A) to unmute or hold space bar to temporarily unmute.,ZMMTToolbarContentIdentifierAudio,AXButton,,Mute my audio,button,,Press  (⇧⌘A) to unmute or hold space bar to temporarily unmute.,ZMMTToolbarContentIdentifierAudio,AXButton,Zoom Meeting,,standard window,,,,AXWindow,,Mute my audio,button,,Press  (⇧⌘A) to unmute or hold space bar to temporarily unmute.,ZMMTToolbarContentIdentifierAudio,AXButton,,"Guy Morita, Computer audio muted",video render,,,,AXTabGroup,Zoom Meeting,,standard window,,,,AXWindow,zoom.us,,application,,,,AXApplication,
app|zoom,mute_unmute_audio,0|Root|AXTitle,Mute audio,,,Mute audio,,menu item,,,onMuteAudio:,AXMenuItem,,,,,,,,,,menu,,,,AXMenu,,,,,,,,Fullscreen,,menu item,,,onSwitchFullscreen:,AXMenuItem,,,,,,,,Meeting,,menu bar item,,,,AXMenuBarItem,
app|zoom,mute_unmute_audio,0|Root|AXTitle,Unmute audio,,,Unmute audio,,menu item,,,onMuteAudio:,AXMenuItem,,,,,,,,,,menu,,,,AXMenu,,,,,,,,Fullscreen,,menu item,,,onSwitchFullscreen:,AXMenuItem,,,,,,,,Meeting,,menu bar item,,,,AXMenuBarItem,
app|zoom,start_stop_video,0|Root|AXDescription,Stop video,,,,Stop video,button,,Stop video (⇧⌘V),ZMMTToolbarContentIdentifierVideo,AXButton,,Stop video,button,,Stop video (⇧⌘V),ZMMTToolbarContentIdentifierVideo,AXButton,Zoom Meeting,,standard window,,,,AXWindow,,Stop video,button,,Stop video (⇧⌘V),ZMMTToolbarContentIdentifierVideo,AXButton,,"Guy Morita, Computer audio unmuted",video render,,,,AXTabGroup,Zoom Meeting,,standard window,,,,AXWindow,zoom.us,,application,,,,AXApplication,
app|zoom,start_stop_video,0|Root|AXDescription,Stop video,,,,Stop video,button,,Start video (⇧⌘V),ZMMTToolbarContentIdentifierVideo,AXButton,,Stop video,button,,Start video (⇧⌘V),ZMMTToolbarContentIdentifierVideo,AXButton,Zoom Meeting,,standard window,,,,AXWindow,,Stop video,button,,Start video (⇧⌘V),ZMMTToolbarContentIdentifierVideo,AXButton,,"Guy Morita, Computer audio unmuted",video render,,,,AXTabGroup,Zoom Meeting,,standard window,,,,AXWindow,zoom.us,,application,,,,AXApplication,
app|zoom,start_stop_video,0|Root|AXTitle,Stop video,,,Stop video,,menu item,,,onMuteVideo:,AXMenuItem,,,,,,,,,,menu,,,,AXMenu,,,,,,,,Fullscreen,,menu item,,,onSwitchFullscreen:,AXMenuItem,,,,,,,,Meeting,,menu bar item,,,,AXMenuBarItem,
app|zoom,start_stop_video,0|Root|AXTitle,Start video,,,Start video,,menu item,,,onMuteVideo:,AXMenuItem,,,,,,,,,,menu,,,,AXMenu,,,,,,,,Fullscreen,,menu item,,,onSwitchFullscreen:,AXMenuItem,,,,,,,,Meeting,,menu bar item,,,,AXMenuBarItem,
app|zoom,start_stop_screen_share,0|Root|AXTitle,Start share,,,Start share,,menu item,,,onShare:,AXMenuItem,,,,,,,,,,menu,,,,AXMenu,,,,,,,,Fullscreen,,menu item,,,onSwitchFullscreen:,AXMenuItem,,,,,,,,Meeting,,menu bar item,,,,AXMenuBarItem,
app|zoom,start_stop_screen_share,0|Root|AXDescription,Share,,,,Share,button,,,ZMMTToolbarContentIdentifierShare,AXButton,,Share,button,,,ZMMTToolbarContentIdentifierShare,AXButton,zoom share toolbar window,,system dialog,,,,AXWindow,,Share,button,,,ZMMTToolbarContentIdentifierShare,AXButton,,Mute my audio,button,,,ZMMTToolbarContentIdentifierAudio,AXButton,zoom share toolbar window,,system dialog,,,,AXWindow,zoom.us,,application,,,,AXApplication,
app|zoom,start_stop_screen_share,0|Root|AXDescription,Stop share,,,,Stop share,button,,,,AXButton,,,,,,,,zoom share statusbar window,,system dialog,,,,AXWindow,,,,,,,,,,image,,,,AXImage,,,,,,,,zoom.us,,application,,,,AXApplication,
app|zoom,join_meeting,0|Root|AXDescription,Join meeting,,,,Join meeting,button,,,,AXButton,,,,,,,,,,split group,,,,AXSplitGroup,,,,,,,,,Settings,button,,Settings,,AXButton,,,,,,,,Zoom Workplace,,standard window,,,_NS:8,AXWindow,
app|zoom,join_meeting,0|Root|AXTitle,Join meeting...,,,Join meeting...,,menu item,,,_NS:145,AXMenuItem,,,,,,,,,,menu,,,_NS:177,AXMenu,,,,,,,,About Zoom Workplace,,menu item,,,_NS:31,AXMenuItem,,,,,,,,Zoom Workplace,,menu bar item,,,_NS:175,AXMenuBarItem,
app|zoom,start_meeting,0|Root|AXTitle,Start meeting,,,Start meeting,,menu item,,,_NS:191,AXMenuItem,,,,,,,,,,menu,,,_NS:177,AXMenu,,,,,,,,About Zoom Workplace,,menu item,,,_NS:31,AXMenuItem,,,,,,,,Zoom Workplace,,menu bar item,,,_NS:175,AXMenuBarItem,
app|zoom,start_meeting,0|Root|AXDescription,Start new meeting,,,,Start new meeting,button,,,,AXButton,,,,,,,,,,split group,,,,AXSplitGroup,,,,,,,,,Settings,button,,Settings,,AXButton,,,,,,,,Zoom Workplace,,standard window,,,_NS:8,AXWindow,
app|zoom,schedule_meeting,0|Root|AXDescription,Schedule meeting,,,,Schedule meeting,button,,,,AXButton,,,,,,,,,,split group,,,,AXSplitGroup,,,,,,,,,Settings,button,,Settings,,AXButton,,,,,,,,Zoom Workplace,,standard window,,,_NS:8,AXWindow,
app|zoom,schedule_meeting,0|Root|AXTitle,Schedule meeting...,,,Schedule meeting...,,menu item,,,_NS:193,AXMenuItem,,,,,,,,,,menu,,,_NS:177,AXMenu,,,,,,,,About Zoom Workplace,,menu item,,,_NS:31,AXMenuItem,,,,,,,,Zoom Workplace,,menu bar item,,,_NS:175,AXMenuBarItem,
app|zoom,screen_share_direct,0|Root|AXTitle,Screen share...,,,Screen share...,,menu item,,,_NS:196,AXMenuItem,,,,,,,,,,menu,,,_NS:177,AXMenu,,,,,,,,About Zoom Workplace,,menu item,,,_NS:31,AXMenuItem,,,,,,,,Zoom Workplace,,menu bar item,,,_NS:175,AXMenuBarItem,
app|zoom,mute_all_except_host,0|Root|AXTitle,Mute all,,,Mute all,,menu item,,,onMuteAll:,AXMenuItem,,,,,,,,,,menu,,,,AXMenu,,,,,,,,Fullscreen,,menu item,,,onSwitchFullscreen:,AXMenuItem,,,,,,,,Meeting,,menu bar item,,,,AXMenuBarItem,
app|zoom,switch_camera,0|Root|AXTitle,Switch camera,,,Switch camera,,menu item,,,onSwitchCamera:,AXMenuItem,,,,,,,,,,menu,,,,AXMenu,,,,,,,,Fullscreen,,menu item,,,onSwitchFullscreen:,AXMenuItem,,,,,,,,Meeting,,menu bar item,,,,AXMenuBarItem,
app|zoom,pause_resume_screen_share,0|Root|AXDescription,Pause,,,,Pause,button,,Pause share (⇧⌘T),ZMMTToolbarContentIdentifierPauseShare,AXButton,,,,,,,,zoom share toolbar window,,system dialog,,,,AXWindow,,,,,,,,,Mute my audio,button,,,ZMMTToolbarContentIdentifierAudio,AXButton,,,,,,,,zoom.us,,application,,,,AXApplication,
app|zoom,pause_resume_screen_share,0|Root|AXDescription,Resume,,,,Resume,button,,Resume share (⇧⌘T),ZMMTToolbarContentIdentifierPauseShare,AXButton,,,,,,,,zoom share toolbar window,,system dialog,,,,AXWindow,,,,,,,,,Mute my audio,button,,,ZMMTToolbarContentIdentifierAudio,AXButton,,,,,,,,zoom.us,,application,,,,AXApplication,
app|zoom,pause_resume_screen_share,0|Root|AXTitle,Pause share,,,Pause share,,menu item,,,onPauseResumeShare:,AXMenuItem,,,,,,,,,,menu,,,,AXMenu,,,,,,,,Fullscreen,,menu item,,,onSwitchFullscreen:,AXMenuItem,,,,,,,,Meeting,,menu bar item,,,,AXMenuBarItem,
app|zoom,pause_resume_screen_share,0|Root|AXTitle,Resume share,,,Resume share,,menu item,,,onPauseResumeShare:,AXMenuItem,,,,,,,,,,menu,,,,AXMenu,,,,,,,,Fullscreen,,menu item,,,onSwitchFullscreen:,AXMenuItem,,,,,,,,Meeting,,menu bar item,,,,AXMenuBarItem,
app|zoom,start_stop_local_recording,1|Root > Child[0]|AXDescription,"Record, ⇧⌘R",,,,,cell,,,,AXCell,,"Record, ⇧⌘R",", Menu item",,press Ctrl + Command + Arrow Keys to move control to meeting controls,,AXUnknown,,,table row,,,,AXRow,,,image,,,,AXImage,,,cell,,,,AXCell,,,,,,,,,,table,,,,AXTable,
app|zoom,start_stop_local_recording,0|Root|AXDescription,Stop recording,,,,Stop recording,button,,"Stop recording (⇧⌘R), Press Ctrl + Command + Arrow Keys to reorder",,AXButton,,,,,,,,Zoom Meeting,,standard window,,,,AXWindow,,,,,,,,,"Guy Morita, Computer audio unmuted",video render,,,,AXTabGroup,,,,,,,,zoom.us,,application,,,,AXApplication,
app|zoom,pause_resume_recording,0|Root|AXDescription,Record,,,,Record,button,,"Record (⇧⌘R), Press Ctrl + Command + Arrow Keys to reorder",ZMMTToolbarContentIdentifierRecording,AXButton,,,,,,,,Zoom Meeting,,standard window,,,,AXWindow,,,,,,,,,"Guy Morita, Computer audio unmuted",video render,,,,AXTabGroup,,,,,,,,zoom.us,,application,,,,AXApplication,
app|zoom,pause_resume_recording,0|Root|AXDescription,Stop recording,,,,Stop recording,button,,"Stop recording (⇧⌘R), Press Ctrl + Command + Arrow Keys to reorder",,AXButton,,,,,,,,Zoom Meeting,,standard window,,,,AXWindow,,,,,,,,,"Guy Morita, Computer audio unmuted",video render,,,,AXTabGroup,,,,,,,,zoom.us,,application,,,,AXApplication,
app|zoom,switch_speaker_gallery_view,1|Root > Child[0]|AXDescription,Gallery,,,,,cell,,,,AXCell,,Gallery,", checked, Menu item",,,,AXUnknown,,,table row,,,,AXRow,,,image,,,,AXImage,,,cell,,,,AXCell,,,,,,,,,,table,,,,AXTable,
app|zoom,show_hide_participants,1|Root > Child[0]|AXDescription,Hide non-video participants,,,,,cell,,,,AXCell,,Hide non-video participants,", Menu item",,,,AXUnknown,,,table row,,,,AXRow,,,text,Hide non-video participants,,,AXStaticText,,,cell,,,,AXCell,,,,,,,,,,table,,,,AXTable,
app|zoom,show_hide_participants,1|Root > Child[0]|AXDescription,Show non-video participants,,,,,cell,,,,AXCell,,Show non-video participants,", Menu item",,,,AXUnknown,,,table row,,,,AXRow,,,text,Show non-video participants,,,AXStaticText,,,cell,,,,AXCell,,,,,,,,,,table,,,,AXTable,
app|zoom,show_hide_chat,0|Root|AXDescription,Open chat panel,,,,Open chat panel,button,,"Show chat (⇧⌘H), Press Ctrl + Command + Arrow Keys to reorder",ZMMTToolbarContentIdentifierChat,AXButton,,Open chat panel,button,,"Show chat (⇧⌘H), Press Ctrl + Command + Arrow Keys to reorder",ZMMTToolbarContentIdentifierChat,AXButton,Zoom Meeting  40-minutes,,standard window,,,,AXWindow,,Open chat panel,button,,"Show chat (⇧⌘H), Press Ctrl + Command + Arrow Keys to reorder",ZMMTToolbarContentIdentifierChat,AXButton,,"jhk, No audio connected",video render,,press control+command+arrow key to move order,,AXTabGroup,Zoom Meeting  40-minutes,,standard window,,,,AXWindow,zoom.us,,application,,,,AXApplication,
app|zoom,show_hide_chat,0|Root|AXDescription,Close chat panel,,,,Close chat panel,button,,"Hide chat (⇧⌘H), Press Ctrl + Command + Arrow Keys to reorder",ZMMTToolbarContentIdentifierChat,AXButton,,Close chat panel,button,,"Hide chat (⇧⌘H), Press Ctrl + Command + Arrow Keys to reorder",ZMMTToolbarContentIdentifierChat,AXButton,Zoom Meeting  40-minutes,,standard window,,,,AXWindow,,Close chat panel,button,,"Hide chat (⇧⌘H), Press Ctrl + Command + Arrow Keys to reorder",ZMMTToolbarContentIdentifierChat,AXButton,,"jhk, No audio connected",video render,,press control+command+arrow key to move order,,AXTabGroup,Zoom Meeting  40-minutes,,standard window,,,,AXWindow,zoom.us,,application,,,,AXApplication,
app|zoom,show_hide_participants,0|Root|AXDescription,"Open manage participants panel, closed, 2 participants",,,,"Open manage participants panel, closed, 2 participants",button,,"Show the participants list (⌘U), Press Ctrl + Command + Arrow Keys to reorder",ZMMTToolbarContentIdentifierParticipants,AXButton,,"Open manage participants panel, closed, 2 participants",button,,"Show the participants list (⌘U), Press Ctrl + Command + Arrow Keys to reorder",ZMMTToolbarContentIdentifierParticipants,AXButton,Zoom Meeting  40-minutes,,standard window,,,,AXWindow,,"Open manage participants panel, closed, 2 participants",button,,"Show the participants list (⌘U), Press Ctrl + Command + Arrow Keys to reorder",ZMMTToolbarContentIdentifierParticipants,AXButton,,"jhk, No audio connected",video render,,press control+command+arrow key to move order,,AXTabGroup,Zoom Meeting  40-minutes,,standard window,,,,AXWindow,zoom.us,,application,,,,AXApplication,
app|zoom,show_hide_participants,0|Root|AXDescription,"Close manage participants panel, opened, 2 participants",,,,"Close manage participants panel, opened, 2 participants",button,,"Hide the participants list (⌘U), Press Ctrl + Command + Arrow Keys to reorder",ZMMTToolbarContentIdentifierParticipants,AXButton,,"Close manage participants panel, opened, 2 participants",button,,"Hide the participants list (⌘U), Press Ctrl + Command + Arrow Keys to reorder",ZMMTToolbarContentIdentifierParticipants,AXButton,Zoom Meeting  40-minutes,,standard window,,,,AXWindow,,"Close manage participants panel, opened, 2 participants",button,,"Hide the participants list (⌘U), Press Ctrl + Command + Arrow Keys to reorder",ZMMTToolbarContentIdentifierParticipants,AXButton,,"jhk, No audio connected",video render,,press control+command+arrow key to move order,,AXTabGroup,Zoom Meeting  40-minutes,,standard window,,,,AXWindow,zoom.us,,application,,,,AXApplication,
app|zoom,open_invite_window,0|Root|AXTitle,Invite...,,,Invite...,,menu item,,,onInvite:,AXMenuItem,,,,,,,,,,menu,,,,AXMenu,,,,,,,,Fullscreen,,menu item,,,onSwitchFullscreen:,AXMenuItem,,,,,,,,Meeting,,menu bar item,,,,AXMenuBarItem,
app|zoom,copy_invite_link,0|Root|AXTitle,Copy invite link,,,Copy invite link,,menu item,,,onCopyInviteLink:,AXMenuItem,,,,,,,,,,menu,,,,AXMenu,,,,,,,,Fullscreen,,menu item,,,onSwitchFullscreen:,AXMenuItem,,,,,,,,Meeting,,menu bar item,,,,AXMenuBarItem,
app|zoom,raise_lower_hand,0|Root|AXDescription,✋ Raise hand,,,,✋ Raise hand,button,,,,AXButton,,,,,,,,Menu window,,1 item,,,,AXWindow,,,,,,,,,,text,Send with effect,,,AXStaticText,,,,,,,,zoom.us,,application,,,,AXApplication,
app|zoom,raise_lower_hand,0|Root|AXValue,Lower hand,,,,,text,Lower hand,,,AXStaticText,,,,,,,,Reactions,,window,,,,AXWindow,,,,,,,,,Lower hand,button,,,,AXUnknown,,,,,,,,zoom.us,,application,,,,AXApplication,
app|zoom,enter_exit_full_screen,0|Root|AXTitle,Fullscreen,,,Fullscreen,,menu item,,,onSwitchFullscreen:,AXMenuItem,,,,,,,,,,menu,,,,AXMenu,,,,,,,,Fullscreen,,menu item,,,onSwitchFullscreen:,AXMenuItem,,,,,,,,Meeting,,menu bar item,,,,AXMenuBarItem,
app|zoom,enter_exit_full_screen,0|Root|AXTitle,Exit fullscreen,,,Exit fullscreen,,menu item,,,onSwitchFullscreen:,AXMenuItem,,,,,,,,,,menu,,,,AXMenu,,,,,,,,Exit fullscreen,,menu item,,,onSwitchFullscreen:,AXMenuItem,,,,,,,,Meeting,,menu bar item,,,,AXMenuBarItem,
app|zoom,switch_minimal_window,0|Root|AXTitle,Enter minimal view,,,Enter minimal view,,menu item,,,onSwitchMinimalVideo:,AXMenuItem,,,,,,,,,,menu,,,,AXMenu,,,,,,,,Fullscreen,,menu item,,,onSwitchFullscreen:,AXMenuItem,,,,,,,,Meeting,,menu bar item,,,,AXMenuBarItem,
app|zoom,switch_minimal_window,0|Root|AXTitle,Exit minimal view,,,Exit minimal view,,menu item,,,onSwitchMinimalVideo:,AXMenuItem,,,,,,,,,,menu,,,,AXMenu,,,,,,,,Exit minimal view,,menu item,,,onSwitchMinimalVideo:,AXMenuItem,,,,,,,,Meeting,,menu bar item,,,,AXMenuBarItem,
app|zoom,screenshot,0|Root|AXTitle,Screenshot,,,Screenshot,,menu item,,,_NS:103,AXMenuItem,,,,,,,,,,menu,,,_NS:113,AXMenu,,,,,,,,Undo,,menu item,,,_NS:116,AXMenuItem,,,,,,,,Edit,,menu bar item,,,_NS:208,AXMenuBarItem,
app|zoom,start_stop_video,0|Root|AXTitle,Start video,,,Start video,,menu item,,,onMuteVideo:,AXMenuItem,,,,,,,,,,menu,,,,AXMenu,,,,,,,,Fullscreen,,menu item,,,onSwitchFullscreen:,AXMenuItem,,,,,,,,Meeting,,menu bar item,,,,AXMenuBarItem,
app|zoom,start_stop_video,0|Root|AXTitle,Stop video,,,Stop video,,menu item,,,onMuteVideo:,AXMenuItem,,,,,,,,,,menu,,,,AXMenu,,,,,,,,Fullscreen,,menu item,,,onSwitchFullscreen:,AXMenuItem,,,,,,,,Meeting,,menu bar item,,,,AXMenuBarItem,
app|zoom,start_stop_video,0|Root|AXDescription,Start video,,,,Start video,button,,Start video (⇧⌘V),ZMMTToolbarContentIdentifierVideo,AXButton,,Start video,button,,Start video (⇧⌘V),ZMMTToolbarContentIdentifierVideo,AXButton,Zoom Meeting  40-minutes,,standard window,,,,AXWindow,,Start video,button,,Start video (⇧⌘V),ZMMTToolbarContentIdentifierVideo,AXButton,,"jhk, No audio connected",video render,,press control+command+arrow key to move order,,AXTabGroup,Zoom Meeting  40-minutes,,standard window,,,,AXWindow,zoom.us,,application,,,,AXApplication,
app|zoom,start_stop_video,0|Root|AXDescription,Stop video,,,,Stop video,button,,Stop video (⇧⌘V),ZMMTToolbarContentIdentifierVideo,AXButton,,Stop video,button,,Stop video (⇧⌘V),ZMMTToolbarContentIdentifierVideo,AXButton,Zoom Meeting  40-minutes,,standard window,,,,AXWindow,,Stop video,button,,Stop video (⇧⌘V),ZMMTToolbarContentIdentifierVideo,AXButton,,"jhk, No audio connected",video render,,press control+command+arrow key to move order,,AXTabGroup,Zoom Meeting  40-minutes,,standard window,,,,AXWindow,zoom.us,,application,,,,AXApplication,
app|zoom,start_stop_video,0|Root|AXDescription,Start video,,,,Start video,button,,Start video (⇧⌘V),ZMMTToolbarContentIdentifierVideo,AXButton,,Start video,button,,Start video (⇧⌘V),ZMMTToolbarContentIdentifierVideo,AXButton,Zoom Meeting  40-minutes,,standard window,,,,AXWindow,,Start video,button,,Start video (⇧⌘V),ZMMTToolbarContentIdentifierVideo,AXButton,,"jhk, No audio connected",video render,,press control+command+arrow key to move order,,AXTabGroup,Zoom Meeting  40-minutes,,standard window,,,,AXWindow,zoom.us,,application,,,,AXApplication,