action_id,namespace_id,type,name,shortcut_id,mac_keys,include,include_classified,priority,has_conflict,example_screenshot,AXTitle,AXValue,AXRoleDescription,AXDescription,description
1,domain|gmail,button,compose,1,c,y,y,1000,,,Compose,,,,
2,domain|gmail,button,send,2,command + enter,y,y,2000,,,,,,"Send ‪(⌘Enter)‬
",
3,domain|gmail,button,reply,3,r,y,y,5000,,,,,,,
4,domain|gmail,button,reply_all,4,a,y,y,13000,,,,,,,
5,domain|gmail,button,forward,5,f,y,y,12000,,,,,,,
6,domain|gmail,button,open_email,6,o,y,y,5750,,,,,,,
7,domain|gmail,button,older_conversation,7,j,y,y,5800,,,,,,,
8,domain|gmail,button,newer_conversation,8,k,y,y,5850,,,,,,,
9,domain|gmail,button,delete,9,#,y,y,6000,,,,,,,
10,domain|gmail,button,archive,10,e,y,y,5500,,,,,,,
11,domain|gmail,button,mark_as_read,11,shift + i,y,y,7000,,,,,,,
12,domain|gmail,button,mark_as_unread,12,shift + u,y,y,8000,,,,,,,
13,domain|gmail,button,spam_and_junk,13,!,y,y,18000,,,,,,,
14,domain|gmail,button,more_options,14,,y,y,,,,,,,,
15,domain|gmail,search_bar,search,15,slash,y,y,3000,,,,,,,
16,domain|gmail,button,next_message_in_an_open_conversation,16,n,y,y,9000,,,,,,,
17,domain|gmail,button,previous_message_in_an_open_conversation,17,p,y,y,10000,,,,,,,
18,domain|gmail,checkbox,select_conversation,18,x,y,y,11000,,,,,checkbox,,
19,domain|gmail,button,toggle_star,19,s,y,y,14000,,,,,,,
20,domain|gmail,context_menu,snooze,20,b,y,y,19000,,,,Snoozed,,,
21,domain|gmail,context_menu,mute_conversation,21,m,y,y,20000,,,,,,,
22,domain|gmail,button,insert_link,22,command + k,y,y,21000,,,,,,,
23,domain|gmail,button,discard_draft,23,command + shift + d,y,y,17000,,,,,,,
24,domain|gmail,left_menu_item,go_to_all_mail,24,g + a,y,y,22000,,,,,,,
25,domain|gmail,left_menu_item,go_to_inbox,25,g + i,y,y,4000,,,,,,,
26,domain|gmail,left_menu_item,go_to_starred,26,g + s,y,y,23000,,,,,,,
27,domain|gmail,left_menu_item,go_to_drafts,27,g + d,y,y,16000,,,,,,,
28,domain|gmail,left_menu_item,go_to_sent,28,g + t,y,y,15000,,,,,,,
29,domain|gmail,input_field,cc,29,command + shift + c,,,24000,y - maccy,,,,,,
30,domain|gmail,input_field,bcc,30,command + shift + b,,,25000,y - chrome,,,,,,
31,app|google_chrome,button,open_a_new_tab,31,command + t,y,y,1000,,,,,,,
32,app|google_chrome,button,close_the_current_tab,32,command + w,y,y,6000,,,,,,,
33,app|google_chrome,app_drop_down_menu,reopen_the_last_closed_tab,33,command + shift + t,y,y,10000,,,,,,,
34,app|google_chrome,address_bar,highlight_the_URL,34,command + l,y,y,2000,,,,,,,
35,app|google_chrome,tab,switch_to_the_next_tab,35,control + tab,y,y,3000,,,,,,,
36,app|google_chrome,tab,switch_to_the_previous_tab,36,control + shift + tab,y,y,4000,,,,,,,
37,app|google_chrome,tab,switch_to_selected_tab,37,,,,,,,,,,,
38,app|google_chrome,button,reload_the_current_page,38,command + r,y,y,7000,,,,,,,
39,app|google_chrome,app_drop_down_menu,bookmark_the_current_page,39,command + d,y,y,11000,,,,,,,
40,app|google_chrome,button,more_options,40,,y,y,,,,,,,,
41,app|google_chrome,app_drop_down_menu,show_or_hide_bookmarks_bar,41,command + shift + b,y,y,,,,,,,,
42,app|google_chrome,app_drop_down_menu,open_the_downloads_page,42,command + shift + j,y,y,18000,,,,,,,
43,app|google_chrome,app_drop_down_menu,open_the_history_page,43,command + y,y,y,17000,,,,,,,
44,app|google_chrome,app_drop_down_menu,open_a_new_window,44,command + n,y,y,15000,,,,,,,
45,app|google_chrome,app_drop_down_menu,open_a_new_private_window,45,command + shift + n,y,y,16000,,,,,,,
46,app|google_chrome,app_drop_down_menu,print,46,command + p,y,y,19000,,,,,,,
47,app|google_chrome,app_drop_down_menu,open_the_find_bar,47,command + f,y,y,9000,,,,,,,
48,app|google_chrome,app_drop_down_menu,zoom_in,48,command + plus,y,y,12000,,,,,,,
49,app|google_chrome,app_drop_down_menu,zoom_out,49,command + minus,y,y,13000,,,,,,,
50,app|google_chrome,app_drop_down_menu,reset_zoom_level,50,command + 0,y,y,14000,,,,,,,
51,app|google_chrome,app_drop_down_menu,go_back,51,command + open_bracket,y,y,5000,,,,,,,
52,app|google_chrome,app_drop_down_menu,go_forward,52,command + close_bracket,y,y,8000,,,,,,,
53,app|google_chrome,,add_www_and_com,53,command + enter,,,,,,,,,,
54,app|google_chrome,app_drop_down_menu,clear_browsing_data,54,command + shift + delete,,,,,,,,,,
55,app|google_chrome,app_drop_down_menu,view_page_source,55,command + option + u,,,,,,,,,,
56,app|google_chrome,app_drop_down_menu,open_developer_tools,56,command + option + i,,,,,,,,,,
57,app|google_chrome,,switch_to_specified_tab,57,command + 1 to command + 8,,,,,,,,,,
58,app|google_chrome,,switch_to_last_tab,58,command + 9,,,,,,,,,,
59,app|google_chrome,,search_from_address_bar,59,command + option + f,,,,,,,,,,
60,app|google_chrome,app_drop_down_menu,open_javascript_console,60,command + option + j,,,,,,,,,,
61,app|google_chrome,button,open_file_from_computer,61,command + o,,,,,,,,,,
62,app|google_chrome,button,save_current_page,62,command + s,,,,,,,,,,
63,app|google_chrome,button,reload_ignoring_cached_content,63,command + shift + r,,,,,,,,,,
64,app|google_chrome,app_drop_down_menu,quit,64,command + q,y,y,,,,,,,,
65,app|google_chrome,app_drop_down_menu,close_window,65,command + w,y,y,,,,,,,,
66,app|google_chrome,button,minimize_current_window,66,command + m,,,,,,,,,,
67,app|google_chrome,button,switch_user_profiles,67,command + shift + m,,,,,,,,,,
68,app|google_chrome,app_drop_down_menu,open_bookmark_manager,68,command + option + b,,,,,,,,,,
69,app|google_chrome,button,find_next_match_in_find_bar,69,command + g,,,,,,,,,,
70,app|google_chrome,button,find_previous_match_in_find_bar,70,command + shift + g,,,,,,,,,,
71,app|google_chrome,app_drop_down_menu,open_homepage_in_current_tab,71,command + shift + h,,,,,,,,,,
72,app|google_chrome,app_drop_down_menu,enter_or_exit_full_screen,72,command + control + f,,,,,,,,,,
73,app|google_chrome,app_drop_down_menu,open_developer_tools_with_element_inspector,73,command + shift + c,,,,,,,,,,
74,app|safari,button,open_a_new_tab,74,command + t,y,y,,,,,,,,
75,app|safari,button,close_the_current_tab,75,command + w,y,y,,,,,,,,
76,app|safari,app_drop_down_menu,reopen_the_last_closed_tab,76,command + shift + t,y,y,,,,,,,,
77,app|safari,address_bar,highlight_the_URL,77,command + l,y,y,,,,,,,,
78,app|safari,tab,switch_to_the_next_tab,78,control + tab,y,y,,,,,,,,
79,app|safari,tab,switch_to_the_previous_tab,79,control + shift + tab,y,y,,,,,,,,
80,app|safari,button,reload_the_current_page,80,command + r,y,y,,,,,,,,
81,app|safari,app_drop_down_menu,bookmark_the_current_page,81,command + d,y,y,,,,,,,,
82,app|safari,app_drop_down_menu,show_or_hide_favorites_bar,82,command + shift + b,y,y,,,,,,,,
83,app|safari,app_drop_down_menu,open_the_downloads_page,83,command + option + l,y,y,,,,,,,,
84,app|safari,app_drop_down_menu,open_the_history_page,84,command + y,y,y,,,,,,,,
85,app|safari,app_drop_down_menu,open_a_new_window,85,command + n,y,y,,,,,,,,
86,app|safari,app_drop_down_menu,open_a_new_private_window,86,command + shift + n,y,y,,,,,,,,
87,app|safari,app_drop_down_menu,print,87,command + p,y,y,,,,,,,,
88,app|safari,app_drop_down_menu,open_the_find_bar,88,command + f,y,y,,,,,,,,
89,app|safari,app_drop_down_menu,zoom_in,89,command + plus,y,y,,,,,,,,
90,app|safari,app_drop_down_menu,zoom_out,90,command + minus,y,y,,,,,,,,
91,app|safari,app_drop_down_menu,reset_zoom_level,91,command + 0,y,y,,,,,,,,
92,app|safari,button,go_back,92,command + left_arrow,y,y,,,,,,,,
93,app|safari,button,go_forward,93,command + right_arrow,y,y,,,,,,,,
94,app|safari,address_bar,add_www_and_com,94,command + enter,,,,,,,,,,
95,app|safari,app_drop_down_menu,clear_browsing_data,95,command + option + e,,,,,,,,,,
96,app|safari,app_drop_down_menu,view_page_source,96,command + option + u,,,,,,,,,,
97,app|safari,app_drop_down_menu,open_developer_tools,97,command + option + i,,,,,,,,,,
98,app|safari,tab,switch_to_specified_tab,98,command + 1 to command + 9,,,,,,,,,,
99,app|safari,address_bar,search_from_address_bar,99,command + option + f,,,,,,,,,,
100,app|safari,app_drop_down_menu,open_javascript_console,100,command + option + j,,,,,,,,,,
101,app|safari,app_drop_down_menu,open_file_from_computer,101,command + o,,,,,,,,,,
102,app|safari,app_drop_down_menu,save_current_page,102,command + s,,,,,,,,,,
103,app|safari,app_drop_down_menu,reload_ignoring_cached_content,103,command + option + r,,,,,,,,,,
104,app|safari,app_drop_down_menu,quit,104,command + q,y,y,,,,,,,,
105,app|safari,app_drop_down_menu,open_preferences,105,command + comma,y,y,,,,,,,,
106,app|safari,app_drop_down_menu,close_window,106,command + w,y,y,,,,,,,,
107,app|safari,app_drop_down_menu,minimize_window,107,command + m,y,y,,,,,,,,
108,app|safari,app_drop_down_menu,toggle_reader_view,108,command + shift + r,,,,,,,,,,
109,app|safari,app_drop_down_menu,toggle_full_screen_mode,109,command + control + f,,,,,,,,,,
110,app|safari,app_drop_down_menu,open_homepage,110,command + shift + h,,,,,,,,,,
111,app|safari,address_bar,focus_on_address_bar,111,command + option + a,,,,,,,,,,
112,app|safari,app_drop_down_menu,show_or_hide_sidebar,112,command + shift + l,y,y,,,,,,,,
113,app|safari,address_bar,focus_on_search_field,113,command + option + f,,,,,,,,,,
114,app|safari,tab,show_all_tabs,114,command + shift + backslash,,,,,,,,,,
115,app|safari,app_drop_down_menu,show_or_hide_status_bar,115,command + option + slash,,,,,,,,,,
116,app|safari,app_drop_down_menu,show_or_hide_toolbar,116,command + option + t,,,,,,,,,,
117,app|firefox,button,open_a_new_tab,117,command + t,y,y,,,,,,,,
118,app|firefox,button,close_the_current_tab,118,command + w,y,y,,,,,,,,
119,app|firefox,app_drop_down_menu,reopen_the_last_closed_tab,119,command + shift + t,y,y,,,,,,,,
120,app|firefox,address_bar,highlight_the_URL,120,command + l,y,y,,,,,,,,
121,app|firefox,tab,switch_to_the_next_tab,121,control + tab,y,y,,,,,,,,
122,app|firefox,tab,switch_to_the_previous_tab,122,control + shift + tab,y,y,,,,,,,,
123,app|firefox,button,reload_the_current_page,123,command + r,y,y,,,,,,,,
124,app|firefox,button,bookmark_the_current_page,124,command + d,y,y,,,,,,,,
125,app|firefox,app_drop_down_menu,show_or_hide_bookmarks_bar,125,command + shift + b,y,y,,,,,,,,
126,app|firefox,app_drop_down_menu,open_the_downloads_page,126,command + j,y,y,,,,,,,,
127,app|firefox,app_drop_down_menu,open_the_history_page,127,command + y,y,y,,,,,,,,
128,app|firefox,app_drop_down_menu,open_a_new_window,128,command + n,y,y,,,,,,,,
129,app|firefox,app_drop_down_menu,open_a_new_private_window,129,command + shift + p,y,y,,,,,,,,
130,app|firefox,app_drop_down_menu,print,130,command + p,y,y,,,,,,,,
131,app|firefox,app_drop_down_menu,open_the_find_bar,131,command + f,y,y,,,,,,,,
132,app|firefox,app_drop_down_menu,zoom_in,132,command + plus,y,y,,,,,,,,
133,app|firefox,app_drop_down_menu,zoom_out,133,command + minus,y,y,,,,,,,,
134,app|firefox,app_drop_down_menu,reset_zoom_level,134,command + 0,y,y,,,,,,,,
135,app|firefox,button,go_back,135,command + left_arrow,y,y,,,,,,,,
136,app|firefox,button,go_forward,136,command + right_arrow,y,y,,,,,,,,
137,app|firefox,address_bar,add_www_and_com,137,command + enter,,,,,,,,,,
138,app|firefox,app_drop_down_menu,clear_browsing_data,138,command + shift + delete,,,,,,,,,,
139,app|firefox,app_drop_down_menu,view_page_source,139,command + option + u,,,,,,,,,,
140,app|firefox,app_drop_down_menu,open_developer_tools,140,command + option + i,,,,,,,,,,
141,app|firefox,tab,switch_to_specified_tab,141,command + 1 to command + 8,,,,,,,,,,
142,app|firefox,tab,switch_to_last_tab,142,command + 9,,,,,,,,,,
143,app|firefox,address_bar,search_from_address_bar,143,command + option + f,,,,,,,,,,
144,app|firefox,app_drop_down_menu,open_javascript_console,144,command + option + j,,,,,,,,,,
145,app|firefox,app_drop_down_menu,open_file_from_computer,145,command + o,,,,,,,,,,
146,app|firefox,app_drop_down_menu,save_current_page,146,command + s,,,,,,,,,,
147,app|firefox,app_drop_down_menu,reload_ignoring_cached_content,147,command + shift + r,,,,,,,,,,
148,app|firefox,app_drop_down_menu,quit,148,command + q,y,y,,,,,,,,
149,app|firefox,app_drop_down_menu,open_preferences,149,command + comma,y,y,,,,,,,,
150,app|firefox,app_drop_down_menu,minimize_window,150,command + m,y,y,,,,,,,,
151,app|firefox,app_drop_down_menu,toggle_reader_view,151,command + option + r,,,,,,,,,,
152,app|firefox,app_drop_down_menu,toggle_full_screen_mode,152,command + control + f,,,,,,,,,,
153,app|firefox,app_drop_down_menu,open_homepage,153,command + shift + h,,,,,,,,,,
154,app|firefox,address_bar,focus_on_address_bar,154,command + option + a,,,,,,,,,,
155,app|firefox,app_drop_down_menu,show_or_hide_sidebar,155,command + b,,,,,,,,,,
156,app|firefox,app_drop_down_menu,focus_on_search_field,156,command + option + f,,,,,,,,,,
157,app|firefox,app_drop_down_menu,show_all_tabs,157,command + shift + backslash,,,,,,,,,,
158,app|firefox,app_drop_down_menu,show_or_hide_status_bar,158,command + option + slash,,,,,,,,,,
159,app|firefox,app_drop_down_menu,show_or_hide_toolbar,159,command + option + t,,,,,,,,,,
160,app|firefox,button,move_to_next_section,160,control + tab,,,,,,,,,,
161,app|firefox,button,move_to_previous_section,161,control + shift + tab,,,,,,,,,,
162,app|firefox,button,open_help,162,command + shift + slash,,,,,,,,,,
163,app|firefox,button,toggle_bookmarks_sidebar,163,command + b,,,,,,,,,,
164,app|firefox,button,open_bookmark_manager,164,command + shift + o,,,,,,,,,,
165,app|mail,button,compose,165,command + n,y,y,,,,,,,,
166,app|mail,button,send,166,command + shift + d,y,y,,,,,,,,
167,app|mail,button,filter,167,command + l,y,y,,,,,,,,
168,app|mail,button,reply,168,command + r,y,y,,,,,,,,
169,app|mail,button,reply_all,169,command + shift + r,y,y,,,,,,,,
170,app|mail,button,forward,170,command + shift + f,y,y,,,,,,,,
171,app|mail,button,archive,171,command + control + a,y,y,,,,,,,,
172,app|mail,button,delete,172,command + delete,y,y,,,,,,,,
173,app|mail,button,mark_as_read,173,command + shift + u,y,y,,,,,,,,
174,app|mail,button,mark_as_unread,174,command + shift + u,y,y,,,,,,,,
175,app|mail,button,toggle_flag,175,command + shift + l,y,y,,,,,,,,
176,app|mail,button,move_to_inbox,176,command + control + i,y,y,,,,,,,,
177,app|mail,button,open_selected_email,177,command + o,y,y,,,,,,,,
178,app|mail,button,spam_and_junk,178,command + shift + j,y,y,,,,,,,,
179,app|mail,button,mute_conversation,179,control + shift + m,y,y,,,,,,,,
180,app|mail,app_drop_down_menu,open_preferences,180,command + comma,y,y,,,,,,,,
181,app|mail,app_drop_down_menu,print,181,command + p,y,y,,,,,,,,
182,app|mail,app_drop_down_menu,open_message_viewer,182,command + 0,,,,,,,,,,
183,app|mail,app_drop_down_menu,show_or_hide_sidebar,183,command + shift + m,y,y,,,,,,,,
184,app|mail,app_drop_down_menu,show_or_hide_favorites_bar,184,command + shift + b,y,y,,,,,,,,
185,app|mail,app_drop_down_menu,show_or_hide_toolbar,185,command + option + t,y,y,,,,,,,,
186,app|mail,app_drop_down_menu,new_viewer_window,186,command + option + n,,,,,,,,,,
187,app|mail,app_drop_down_menu,minimize_window,187,command + m,y,y,,,,,,,,
188,app|mail,app_drop_down_menu,close_window,188,command + w,y,y,,,,,,,,
189,app|mail,button,next_email,189,command + right_arrow,,,,,,,,,,
190,app|mail,button,previous_email,190,command + left_arrow,,,,,,,,,,
191,app|mail,button,next_unread_email,191,command + shift + j,,,,,,,,,,
192,app|mail,button,previous_unread_email,192,command + shift + k,,,,,,,,,,
193,app|mail,app_drop_down_menu,search,193,command + option + f,y,y,,,,,,,,
194,app|mail,app_drop_down_menu,sort_by_date,194,command + option + 1,,,,,,,,,,
195,app|mail,app_drop_down_menu,sort_by_from,195,command + option + 2,,,,,,,,,,
196,app|mail,app_drop_down_menu,sort_by_subject,196,command + option + 3,,,,,,,,,,
197,app|mail,app_drop_down_menu,sort_by_size,197,command + option + 4,,,,,,,,,,
198,app|mail,app_drop_down_menu,sort_by_unread,198,command + option + 5,,,,,,,,,,
199,app|mail,app_drop_down_menu,quit,199,command + q,y,y,,,,,,,,
200,app|mail,app_drop_down_menu,check_for_new_mail,200,command + shift + n,y,y,,,,,,,,
201,app|mail,button,reply_with_template,201,command + option + r,,,,,,,,,,
202,app|mail,button,forward_as_attachment,202,command + option + f,,,,,,,,,,
203,app|mail,button,redirect_email,203,command + shift + e,,,,,,,,,,
204,app|mail,app_drop_down_menu,save_email_as_draft,204,command + s,,,,,,,,,,
205,app|mail,app_drop_down_menu,save_all_attachments,205,command + shift + a,,,,,,,,,,
206,app|mail,app_drop_down_menu,open_next_mailbox,206,command + option + right_arrow,,,,,,,,,,
207,app|mail,app_drop_down_menu,open_previous_mailbox,207,command + option + left_arrow,,,,,,,,,,
208,app|mail,button,open_help,208,command + question_mark,,,,,,,,,,
209,app|microsoft_outlook,button,compose,209,command + n,y,y,,,,,,,,
210,app|microsoft_outlook,button,send,210,command + enter,y,y,,,,,,,,
211,app|microsoft_outlook,button,reply,211,command + r,y,y,,,,,,,,
212,app|microsoft_outlook,button,reply_all,212,command + shift + r,y,y,,,,,,,,
213,app|microsoft_outlook,button,forward,213,command + j,y,y,,,,,,,,
214,app|microsoft_outlook,button,delete,214,command + delete,y,y,,,,,,,,
215,app|microsoft_outlook,button,discard_draft,215,command + esc,y,y,,,,,,,,
216,app|microsoft_outlook,button,archive,216,control + e,y,y,,,,,,,,
217,app|microsoft_outlook,app_drop_down_menu,spam_and_junk,217,,y,y,,,,,,,,
218,app|microsoft_outlook,button,more_options,218,,y,y,,,,,,,,
219,app|microsoft_outlook,button,mark_as_read,219,command + t,y,y,,,,,,,,
220,app|microsoft_outlook,button,mark_as_unread,220,shift + command + t,y,y,,,,,,,,
221,app|microsoft_outlook,button,toggle_flag,221,command + shift + l,y,y,,,,,,,,
222,app|microsoft_outlook,app_drop_down_menu,show_or_hide_sidebar,222,,y,y,,,,,,,,
223,app|microsoft_outlook,app_drop_down_menu,toggle_taskbar,223,,y,y,,,,,,,,
224,app|microsoft_outlook,button,move_to_different_folder,224,command + shift + m,y,y,,,,,,,,
225,app|microsoft_outlook,button,open_selected_email,225,command + o,y,y,,,,,,,,
226,app|microsoft_outlook,button,check_for_new_mail,226,,y,y,,,,,,,,
227,app|microsoft_outlook,app_drop_down_menu,print,227,command + p,y,y,,,,,,,,
228,app|microsoft_outlook,app_drop_down_menu,open_calendar_view,228,command + 2,y,y,,,,,,,,
229,app|microsoft_outlook,app_drop_down_menu,open_mail_view,229,command + 1,y,y,,,,,,,,
230,app|microsoft_outlook,app_drop_down_menu,open_contacts_view,230,command + 3,y,y,,,,,,,,
231,app|microsoft_outlook,app_drop_down_menu,show_or_hide_folders,231,command + shift + m,,,,,,,,,,
232,app|microsoft_outlook,app_drop_down_menu,show_or_hide_toolbar,232,command + option + t,,,,,,,,,,
233,app|microsoft_outlook,app_drop_down_menu,show_or_hide_status_bar,233,command + option + slash,,,,,,,,,,
234,app|microsoft_outlook,app_drop_down_menu,new_viewer_window,234,command + option + n,,,,,,,,,,
235,app|microsoft_outlook,app_drop_down_menu,minimize_window,235,command + m,,,,,,,,,,
236,app|microsoft_outlook,app_drop_down_menu,close_window,236,command + w,,,,,,,,,,
237,app|microsoft_outlook,button,next_email,237,control + close_bracket,,,,,,,,,,
238,app|microsoft_outlook,button,previous_email,238,control + open_bracket,,,,,,,,,,
239,app|microsoft_outlook,button,next_unread_email,239,command + shift + j,,,,,,,,,,
240,app|microsoft_outlook,button,previous_unread_email,240,command + shift + k,,,,,,,,,,
241,app|microsoft_outlook,app_drop_down_menu,search,241,command + shift + f,y,y,,,,,,,,
242,app|microsoft_outlook,app_drop_down_menu,open_the_find_bar,242,,y,y,,,,,,,,
243,app|microsoft_outlook,app_drop_down_menu,open_preferences,243,command + comma,y,y,,,,,,,,
244,app|microsoft_outlook,app_drop_down_menu,sort_by_date,244,command + option + 1,,,,,,,,,,
245,app|microsoft_outlook,app_drop_down_menu,sort_by_from,245,command + option + 2,,,,,,,,,,
246,app|microsoft_outlook,app_drop_down_menu,sort_by_subject,246,command + option + 3,,,,,,,,,,
247,app|microsoft_outlook,app_drop_down_menu,sort_by_size,247,command + option + 4,,,,,,,,,,
248,app|microsoft_outlook,app_drop_down_menu,sort_by_unread,248,command + option + 5,,,,,,,,,,
249,app|microsoft_outlook,app_drop_down_menu,quit_outlook,249,command + q,,,,,,,,,,
250,app|microsoft_outlook,app_drop_down_menu,check_for_new_mail,250,command + k,,,,,,,,,,
251,app|microsoft_outlook,button,reply_with_template,251,command + option + r,,,,,,,,,,
252,app|microsoft_outlook,button,forward_as_attachment,252,command + option + j,,,,,,,,,,
253,app|microsoft_outlook,button,redirect_email,253,command + shift + e,,,,,,,,,,
254,app|microsoft_outlook,app_drop_down_menu,save_email_as_draft,254,command + s,,,,,,,,,,
255,app|microsoft_outlook,app_drop_down_menu,save_all_attachments,255,command + shift + a,,,,,,,,,,
256,app|microsoft_outlook,app_drop_down_menu,open_next_folder,256,command + option + right_arrow,,,,,,,,,,
257,app|microsoft_outlook,app_drop_down_menu,open_previous_folder,257,command + option + left_arrow,,,,,,,,,,
258,app|microsoft_outlook,app_drop_down_menu,focus_on_search_field,258,command + option + f,,,,,,,,,,
259,app|microsoft_outlook,button,open_help,259,command + question_mark,,,,,,,,,,
260,app|microsoft_outlook,app_drop_down_menu,minimize_window,260,command + m,y,y,,,,,,,,
261,app|microsoft_outlook,app_drop_down_menu,close_window,261,command + w,y,y,,,,,,,,
262,app|microsoft_outlook,app_drop_down_menu,quit,262,command + q,y,y,,,,,,,,
263,app|slack,button,compose,263,command + n,y,y,,,,,,,,RT - I'm down to include this but I'd be shocked if people use this button
264,app|slack,button,send,264,return,y,y,,,,,,,,RT - I'm down to include this but I'd be shocked if people use this button
265,app|slack,button,edit_last_message,265,command + up_arrow,y,y,,,,,,,,
266,app|slack,button,search,266,command + g,y,y,,,,,,,,
267,app|slack,button,go_back,267,command + open_bracket,y,y,,,,,,,,
268,app|slack,button,go_forward,268,command + close_bracket,y,y,,,,,,,,
269,app|slack,button,open_more,269,control + 0,y,y,,,,,,,,
270,app|slack,button,go_home,270,control + 1,y,y,,,,,,,,
271,app|slack,button,go_dms,271,control + 2,y,y,,,,,,,,
272,app|slack,button,go_activity,272,control + 3,y,y,,,,,,,,
273,app|slack,button,go_later,273,control + 4,y,y,,,,,,,,
274,app|slack,button,go_list,274,,,,,,,,,,,Shortcut removed
275,app|slack,button,go_channels,275,command + shift + l,y,y,,,,,,,,Shortcut removed
276,app|slack,menu_item,show_or_hide_sidebar,276,,y,y,,,,,,,,
277,app|slack,button,toggle_workplace_switcher,277,command + shift + s,y,y,,,,,,,,RT - unsure if we should include
278,app|slack,menu_item,search_channels,278,,y,y,,,,,,,,
279,app|slack,button,go_unreads,279,,y,y,,,,,,,,
280,app|slack,button,open_threads,280,command + shift + t,y,y,,,,,,,,
281,app|slack,button,open_shortcuts,281,command + slash,,,,,,,,,,RT - unsure if we should include
282,app|slack,button,upload_file,282,command + u,y,y,,,,,,,,RT - unsure if we should include
283,app|slack,button,create_new_canvas,283,command + shift + n,,,,,,,,,,
284,app|slack,button,open_channel_canvas,284,command + option + period,,,,,,,,,,
285,app|slack,button,open_channel_details,285,command + shift + i,y,y,,,,,,,,
286,app|slack,menu_item,previous_channel,286,option + up_arrow,y,y,,,,,,,,
287,app|slack,menu_item,next_channel,287,option + down_arrow,y,y,,,,,,,,
288,app|slack,button,open_preferences,288,command + comma,y,y,,,,,,,,RT - unsure if we should include
289,app|slack,app_drop_down_menu,minimize_window,289,,y,y,,,,,,,,
290,app|slack,app_drop_down_menu,close_window,290,,y,y,,,,,,,,
291,app|slack,app_drop_down_menu,quit,291,,y,y,,,,,,,,
292,app|slack,button,format_bold,292,command + b,,,,,,,,,,
293,app|slack,button,format_italic,293,command + i,,,,,,,,,,
294,app|slack,button,format_strikethrough,294,command + shift + x,,,,,,,,,,
295,app|slack,button,format_code,295,command + shift + c,,,,,,,,,,
296,app|slack,button,format_link,296,command + shift + u,,,,,,,,,,
297,app|slack,button,open_help,297,command + question_mark,,,,,,,,,,
298,app|slack,button,move_to_next_workspace,298,control + tab,,,,,,,,,,
299,app|slack,button,move_to_previous_workspace,299,control + shift + tab,,,,,,,,,,
300,app|slack,button,jump_to_a_conversation,300,command + k,,,,,,,,,,
301,app|slack,button,undo_formatting,301,command + z,,,,,,,,,,
302,app|slack,button,redo_formatting,302,command + shift + z,,,,,,,,,,
300,app|front,button,trash_the_conversation,300,delete,y,,3000,,,,,,,Trash the conversation
301,app|front,button,mark_as_spam,301,shift + j,y,,9500,,,,,,,Mark as spam
302,app|front,button,set_a_snooze_on_a_conversation,302,s,y,,13000,,,,,,,Set a snooze on a conversation
303,app|front,button,toggle_subscribe/unsubscribe_for_a_conversation,303,shift + u,y,,12000,,,,,,,Toggle Subscribe/Unsubscribe for a conversation
304,app|front,button,see_information_about_current_conversation,304,shift + i,y,,30000,,,,,,,See information about current conversation
305,app|front,button,navigate_to_a_specific_conversation_using_a_conversation_id,305,shift + o,y,,31000,,,,,,,Navigate to a specific conversation using a conversation ID
306,app|front,button,add/remove_the_star_tag_on_a_conversation,306,option + s,y,,32000,,,,,,,Add/remove the Star tag on a conversation
307,app|front,button,navigate_to_the_comment_bar,307,command + period,y,,14000,,,,,,,Navigate to the comment bar
308,app|front,button,pulls_a_list_of_available_team_members_to_mention,308,@,y,,29000,,,,,,,Pulls a list of available team members to mention
309,app|front,button,bold,309,command + b,y,,22000,,,,,,,Bold
310,app|front,button,italicize,310,command + i,y,,23000,,,,,,,Italicize
311,app|front,button,underline,311,command + u,y,,24000,,,,,,,Underline
312,app|front,button,hyperlink,312,command + k,y,,25000,,,,,,,Hyperlink
313,app|front,button,move_cursor_to_cc,313,command + shift + c,y,,26000,,,,,,,Move cursor to Cc
314,app|front,button,move_cursor_to_bcc,314,command + shift + b,y,,27000,,,,,,,Move cursor to Bcc
315,app|front,button,edit_subject_line,315,command + shift + s,y,,21000,,,,,,,Edit subject line
316,app|front,button,pull_up_message_templates_list,316,command + shift + o,y,,33000,,,,,,,Pull up message templates list
317,app|front,button,paste_without_format,317,command + shift + v,y,,28000,,,,,,,Paste without format
318,app|front,button,set_a_snooze_when_you_send,318,command + shift + l,y,,13500,,,,,,,Set a snooze when you send
319,app|front,button,change_case_between_uppercase_and_lowercase,319,shift + f3,y,,34000,,,,,,,Change case between uppercase and lowercase
320,app|front,button,move_to_a_previous_conversation,320,up_arrow,y,,2000,,,,,,,Move to a previous conversation
321,app|front,button,move_to_the_next_conversation,321,down_arrow,y,,1000,,,,,,,Move to the next conversation
322,app|front,button,cherry_pick_the_conversations,322,command + click,y,,19000,,,,,,,Cherry-pick the conversations you want to select
323,app|front,button,select_all_conversations,323,command + a,y,,20000,,,,,,,Select all conversations in order to take mass action
324,app|front,button,expand_close_the_plugin_side_panel,324,command + slash,y,,35000,,,,,,,Expand / Close the plugin side-panel
325,app|front,button,navigate_to_the_search_bar,325,shift + f,y,,15000,,,,,,,Navigate to the search bar
326,app|front,button,navigate_back_one_page,326,command + left_bracket,y,,16000,,,,,,,Navigate back one page
327,app|front,button,navigate_forward_one_page,327,command + right_bracket,y,,17000,,,,,,,Navigate forward one page
328,app|front,button,reply_to_the_most_recent_message,328,r,y,,7000,,,,,,,Reply to the most recent message
329,app|front,button,reply_to_the_most_recent_message_in_a_new_window,329,option + r,y,,8000,,,,,,,Reply to the most recent message in a new window
330,app|front,button,reply_all_to_the_most_recent_message,330,shift + r,y,,8500,,,,,,,Reply All to the most recent message
331,app|front,button,reply_all_to_the_most_recent_message_in_a_new_window,331,shift + option + r,y,,8750,,,,,,,Reply All to the most recent message in a new window
332,app|front,button,forward_a_conversation,332,j,y,,6500,,,,,,,Forward a conversation
333,app|front,button,moves_last_sender_to_bcc_adds_all_other_recipients_to_to_field_and_adds_text_to_email,333,command + shift + x,y,,36000,,,,,,,Moves last sender to Bcc / adds all other recipients to To field / and adds text to email
334,app|front,button,send_and_archive,334,command + enter,y,,5000,,,,,,,Send & Archive
335,app|front,button,send_the_message_without_archiving_it,335,command + shift + enter,y,,6000,,,,,,,Send the message without archiving it
336,app|front,button,archive_the_conversation,336,e,y,,4000,,,,,,,Archive the conversation
337,app|front,button,tag_a_conversation,337,t,y,,9000,,,,,,,Tag a conversation
338,app|front,button,assign_conversation_to_yourself,338,shift + a,y,,10000,,,,,,,Assign conversation to yourself
339,app|front,button,assign_conversation_to_a_team_member,339,shift + g,y,,11000,,,,,,,
340,app|front,button,move_the_conversation,340,shift + m,y,,11500,,,,,,,
341,app|notion,button,create_new_page,341,command + n,y,,2000,,,,,,,
342,app|notion,button,new_window,342,command + shift + n,y,,8500,,,,,,,
343,app|notion,button,open_link_as_new_notion_tab,343,command + click,y,,8600,,,,,,,
344,app|notion,button,new_tab,344,command + t,y,,6000,,,,,,,
345,app|notion,button,search,345,command + k,y,,1000,,,,,,,
346,app|notion,button,copy_page_url,346,command + l,y,,7000,,,,,,,
347,app|notion,button,go_back,347,command + left_bracket,y,,4000,,,,,,,
348,app|notion,button,go_forward,348,command + right_bracket,y,,5000,,,,,,,
349,app|notion,button,previous_database_page,349,ctrl + shift + k,y,,36000,,,,,,,
350,app|notion,button,next_database_page,350,ctrl + shift + j,y,,37000,,,,,,,
351,app|notion,button,toggle_dark_light_mode,351,command + shift + l,y,,38000,,,,,,,
352,app|notion,button,create_comment,352,command + shift + m,y,,8000,,,,,,,
353,app|notion,button,bold_text,353,command + b,y,,9000,,,,,,,
354,app|notion,button,italicize_text,354,command + i,y,,10000,,,,,,,
355,app|notion,button,underline_text,355,command + u,y,,11000,,,,,,,
356,app|notion,button,strikethrough_text,356,command + shift + s,y,,12000,,,,,,,
357,app|notion,button,add_link,357,command + k,y,,13000,,,,,,,
358,app|notion,button,inline_code,358,command + e,y,,14000,,,,,,,
359,app|notion,button,create_text,359,command + option + 0,y,,15000,,,,,,,
360,app|notion,button,create_h1_heading,360,command + option + 1,y,,16000,,,,,,,
361,app|notion,button,create_h2_heading,361,command + option + 2,y,,17000,,,,,,,
362,app|notion,button,create_h3_heading,362,command + option + 3,y,,18000,,,,,,,
363,app|notion,button,create_todo_checkbox,363,command + option + 4,y,,19000,,,,,,,
364,app|notion,button,create_bulleted_list,364,command + option + 5,y,,20000,,,,,,,
365,app|notion,button,create_numbered_list,365,command + option + 6,y,,21000,,,,,,,
366,app|notion,button,create_toggle_list,366,command + option + 7,y,,22000,,,,,,,
367,app|notion,button,create_code_block,367,command + option + 8,y,,23000,,,,,,,
368,app|notion,button,create_new_page_or_convert_line,368,command + option + 9,y,,24000,,,,,,,
369,app|notion,button,zoom_in,369,command + plus,y,,25000,,,,,,,
370,app|notion,button,zoom_out,370,command + minus,y,,26000,,,,,,,
371,app|notion,button,go_up_one_level,371,command + shift + u,y,,27000,,,,,,,
372,app|notion,button,edit_change_blocks,372,command + slash,y,,28000,,,,,,,
373,app|notion,button,duplicate_blocks,373,command + d,y,,29000,,,,,,,
374,app|notion,button,move_block,374,command + shift + arrow_keys,y,,30000,,,,,,,
375,app|notion,button,expand_close_all_toggles,375,command + option + t,y,,31000,,,,,,,
376,app|notion,button,apply_last_text_highlight_color,376,command + shift + h,y,,32000,,,,,,,
377,app|notion,button,modify_current_block,377,command + enter,y,,33000,,,,,,,
378,app|notion,button,move_to,378,command + shift + p,y,,34000,,,,,,,
379,app|notion,button,ask_ai,379,command + j,y,,35000,,,,,,,
380,app|notion,button,go_home,380,command + control + h,y,,3000,,,,,,,
381,app|notion,button,go_inbox,381,command + option + u,y,,5500,,,,,,,
382,app|notion,button,settings,382,command + comma,y,,39000,,,,,,,
383,app|messages,button,send,383,return,y,,,,,,,,,
384,app|messages,button,new_conversation,384,command + n,y,,,,,,,,,
385,app|messages,button,search,385,command + f,y,,,,,,,,,
386,app|messages,button,select_next_conversation,386,control + tab,y,,,,,,,,,
387,app|messages,button,select_previous_conversation,387,shift + control + tab,y,,,,,,,,,
388,app|messages,button,open_emojis,388,command + control + space,y,,,,,,,,,
389,app|messages,button,copy_text,389,command + c,y,,,,,,,,,
390,app|messages,button,paste_text,390,command + v,y,,,,,,,,,
391,app|messages,button,open_settings,391,command +,y,,,,,,,,,
392,app|messages,button,increase_text_size,392,command + +,y,,,,,,,,,
393,app|messages,button,decrease_text_size,393,command + -,y,,,,,,,,,
394,app|messages,button,reply_to_last_message,394,command + r,y,,,,,,,,,
395,app|messages,button,add_tapback,395,command + t,y,,,,,,,,,
396,app|messages,button,edit_sent_message,396,command + e,y,,,,,,,,,
397,app|messages,button,open_conversation_info,397,command + i,y,,,,,,,,,
398,app|messages,button,mark_conversation_read_unread,398,command + shift + u,y,,,,,,,,,
399,app|messages,button,go_to_pinned_conversation,399,command + 1,y,,,,,,,,,
400,app|messages,button,go_to_first_unpinned,400,command + option + 1,y,,,,,,,,,
401,app|messages,button,show_all_conversations,401,command + control + 1,y,,,,,,,,,
402,app|messages,button,show_known_senders,402,command + control + 2,y,,,,,,,,,
403,app|messages,button,show_unknown_senders,403,command + control + 3,y,,,,,,,,,
404,app|messages,button,show_unread_messages,404,command + control + 4,y,,,,,,,,,
405,app|messages,button,show_recently_deleted,405,command + control + 5,y,,,,,,,,,
406,app|messages,button,insert_line_break,406,option + return,y,,,,,,,,,
407,app|messages,button,spelling_grammar_check,407,command + ;,y,,,,,,,,,
408,app|messages,button,open_spelling_grammar,408,command + shift + :,y,,,,,,,,,
409,app|messages,button,print_conversation,409,command + p,y,,,,,,,,,
410,app|messages,button,hide_other_windows,410,command + option + h,y,,,,,,,,,
411,app|messages,button,hide_unhide_alerts,411,command + option + m,y,,,,,,,,,
412,app|messages,button,open_contact_card,412,command + option + b,y,,,,,,,,,
413,app|messages,button,email_contact,413,command + option + e,y,,,,,,,,,
414,app|messages,button,show_video_effects,414,command + shift + e,y,,,,,,,,,
415,app|messages,button,delete_message,415,delete,y,,,,,,,,,
416,os|mac_os,button,open_spotlight,416,command + space,y,,,,,,,,,
417,os|mac_os,button,switch_apps,417,command + tab,y,,,,,,,,,
418,os|mac_os,button,switch_windows,418,command + `,y,,,,,,,,,
419,os|mac_os,button,show_launchpad,419,f4,y,,,,,,,,,
420,os|mac_os,button,show_desktop,420,command + f3,y,,,,,,,,,
421,os|mac_os,button,mission_control,421,control + up,y,,,,,,,,,
422,os|mac_os,button,application_windows,422,control + down,y,,,,,,,,,
423,os|mac_os,button,lock_screen,423,command + control + q,y,,,,,,,,,
424,os|mac_os,button,copy,424,command + c,y,,,,,,,,,
425,os|mac_os,button,paste,425,command + v,y,,,,,,,,,
426,os|mac_os,button,cut,426,command + x,y,,,,,,,,,
427,os|mac_os,button,save,427,command + s,y,,,,,,,,,
428,os|mac_os,button,print,428,command + p,y,,,,,,,,,
429,os|mac_os,button,quit_app,429,command + q,y,,,,,,,,,
430,os|mac_os,button,new_window,430,command + n,y,,,,,,,,,
431,os|mac_os,button,close_window,431,command + w,y,,,,,,,,,
432,os|mac_os,button,undo,432,command + z,y,,,,,,,,,
433,os|mac_os,button,redo,433,command + shift + z,y,,,,,,,,,
434,os|mac_os,button,select_all,434,command + a,y,,,,,,,,,
435,os|mac_os,button,find,435,command + f,y,,,,,,,,,
436,os|mac_os,button,minimize_window,436,command + m,y,,,,,,,,,
437,os|mac_os,button,hide_app,437,command + h,y,,,,,,,,,
438,os|mac_os,button,take_screenshot,438,command + shift + 3,y,,,,,,,,,
439,os|mac_os,button,take_partial_screenshot,439,command + shift + 4,y,,,,,,,,,
440,os|mac_os,button,force_quit,440,command + option + esc,y,,,,,,,,,
441,os|mac_os,button,open_preferences,441,command +,y,,,,,,,,,
442,os|mac_os,button,zoom_in,442,command + +,y,,,,,,,,,
443,os|mac_os,button,zoom_out,443,command + -,y,,,,,,,,,
444,os|mac_os,button,open_help_menu,444,command + shift + /,y,,,,,,,,,
445,os|mac_os,button,emoji_picker,445,command + control + space,y,,,,,,,,,
446,os|mac_os,button,full_screen,446,command + control + f,y,,,,,,,,,
447,os|mac_os,button,save_as,447,command + shift + s,y,,,,,,,,,
448,os|mac_os,button,open,448,command + o,y,,,,,,,,,
449,os|mac_os,button,new_tab,449,command + t,y,,,,,,,,,
450,os|mac_os,button,close_tab,450,command + w,y,,,,,,,,,
451,os|mac_os,button,switch_tab_right,451,control + tab,y,,,,,,,,,
452,os|mac_os,button,switch_tab_left,452,control + shift + tab,y,,,,,,,,,
453,os|mac_os,button,refresh_page,453,command + r,y,,,,,,,,,
454,os|mac_os,button,open_downloads,454,command + option + l,y,,,,,,,,,
455,os|mac_os,button,show_hide_sidebar,455,command + option + s,y,,,,,,,,,
456,os|mac_os,button,show_hide_bookmarks,456,command + shift + b,y,,,,,,,,,
457,os|mac_os,button,open_activity_monitor,457,command + option + esc,y,,,,,,,,,
458,os|mac_os,button,empty_trash,458,command + shift + delete,y,,,,,,,,,
459,os|mac_os,button,log_out,459,command + shift + q,y,,,,,,,,,
460,os|mac_os,button,sleep,460,command + option + eject,y,,,,,,,,,
461,os|mac_os,button,restart,461,command + control + eject,y,,,,,,,,,
462,os|mac_os,button,shut_down,462,command + option + control + eject,y,,,,,,,,,
463,os|mac_os,button,increase_brightness,463,f2,y,,,,,,,,,
464,os|mac_os,button,decrease_brightness,464,f1,y,,,,,,,,,
465,os|mac_os,button,increase_volume,465,f12,y,,,,,,,,,
466,os|mac_os,button,decrease_volume,466,f11,y,,,,,,,,,
467,os|mac_os,button,mute_unmute,467,f10,y,,,,,,,,,
468,os|mac_os,button,show_notification_center,468,command + control + f8,y,,,,,,,,,
469,domain|google_sheets,button,find,469,command + f,y,,,,,,,,,
470,domain|google_sheets,button,move_to_next_sheet,470,option + down_arrow,y,,,,,,,,,
471,domain|google_sheets,button,move_to_previous_sheet,471,option + up_arrow,y,,,,,,,,,
472,domain|google_sheets,button,undo,472,command + z,y,,,,,,,,,
473,domain|google_sheets,button,redo,473,command + shift + z,y,,,,,,,,,
474,domain|google_sheets,button,select_all,474,command + a,y,,,,,,,,,
475,domain|google_sheets,button,save,475,command + s,y,,,,,,,,,
476,domain|google_sheets,button,open,476,command + o,y,,,,,,,,,
477,domain|google_sheets,button,print,477,command + p,y,,,,,,,,,
478,domain|google_sheets,button,bold,478,command + b,y,,,,,,,,,
479,domain|google_sheets,button,italic,479,command + i,y,,,,,,,,,
480,domain|google_sheets,button,underline,480,command + u,y,,,,,,,,,
481,domain|google_sheets,button,insert_link,481,command + k,y,,,,,,,,,
482,domain|google_sheets,button,fill_down,482,command + d,y,,,,,,,,,
483,domain|google_sheets,button,fill_right,483,command + r,y,,,,,,,,,
484,domain|google_sheets,button,find_and_replace,484,command + shift + h,y,,,,,,,,,
485,domain|google_sheets,button,show_formulas,485,control + ~,y,,,,,,,,,
486,domain|google_sheets,button,insert_comment,486,command + option + m,y,,,,,,,,,
487,domain|google_sheets,button,center_align,487,command + shift + e,y,,,,,,,,,
488,domain|google_sheets,button,left_align,488,command + shift + l,y,,,,,,,,,
489,domain|google_sheets,button,right_align,489,command + shift + r,y,,,,,,,,,
490,domain|google_sheets,button,clear_formatting,490,command + \,y,,,,,,,,,
491,domain|google_sheets,button,move_to_beginning_of_sheet,491,command + fn + left,y,,,,,,,,,
492,domain|google_sheets,button,move_to_end_of_sheet,492,command + fn + right,y,,,,,,,,,
493,domain|google_sheets,button,insert_row_above,493,command + option + =,y,,,,,,,,,
494,domain|google_sheets,button,insert_column_left,494,command + option + =,y,,,,,,,,,
495,domain|google_sheets,button,delete_row,495,command + option + -,y,,,,,,,,,
496,domain|google_sheets,button,delete_column,496,command + option + -,y,,,,,,,,,
497,domain|google_sheets,button,hide_row,497,command + option + 9,y,,,,,,,,,
498,domain|google_sheets,button,unhide_row,498,command + shift + 9,y,,,,,,,,,
499,domain|google_sheets,button,hide_column,499,command + option + 0,y,,,,,,,,,
500,domain|google_sheets,button,unhide_column,500,command + shift + 0,y,,,,,,,,,
501,domain|google_sheets,button,format_as_currency,501,control + shift + 4,y,,,,,,,,,
502,domain|google_sheets,button,format_as_percentage,502,control + shift + 5,y,,,,,,,,,
503,domain|google_sheets,button,insert_date,503,command + ;,y,,,,,,,,,
504,domain|google_sheets,button,insert_time,504,command + shift + ;,y,,,,,,,,,
505,domain|google_sheets,button,insert_date_and_time,505,command + option + shift + ;,y,,,,,,,,,
506,domain|google_sheets,button,show_common_shortcuts,506,command + /,y,,,,,,,,,
507,domain|google_sheets,button,fill_range,507,command + return,y,,,,,,,,,
508,domain|google_sheets,button,strikethrough,508,command + shift + x,y,,,,,,,,,
509,domain|google_sheets,button,paste_values_only,509,command + shift + v,y,,,,,,,,,
510,domain|google_sheets,button,select_column,510,control + space,y,,,,,,,,,
511,domain|google_sheets,button,select_row,511,shift + space,y,,,,,,,,,
512,domain|google_sheets,button,open_hyperlink,512,option + return,y,,,,,,,,,
513,domain|google_sheets,button,insert_array_formula,513,command + shift + return,y,,,,,,,,,
514,domain|google_sheets,button,group_rows_or_columns,514,option + shift + right,y,,,,,,,,,
515,domain|google_sheets,button,ungroup_rows_or_columns,515,option + shift + left,y,,,,,,,,,
516,app|arc,button,switch_to_next_tab,516,command + option + down_arrow,y,,,,,,,,,
517,app|arc,button,switch_to_previous_tab,517,command + option + up_arrow,y,,,,,,,,,
518,app|arc,button,switch_to_next_space,518,command + option + right,y,,,,,,,,,
519,app|arc,button,switch_to_previous_space,519,command + option + left,y,,,,,,,,,
520,app|arc,button,new_tab,520,command + t,y,,,,,,,,,
521,app|arc,button,close_tab,521,command + w,y,,,,,,,,,
522,app|arc,button,new_window,522,command + n,y,,,,,,,,,
523,app|arc,button,find_in_page,523,command + f,y,,,,,,,,,
524,app|arc,button,reload_page,524,command + r,y,,,,,,,,,
525,app|arc,button,new_incognito_window,525,command + shift + n,y,,,,,,,,,
526,app|arc,button,copy_url,526,command + shift + c,y,,,,,,,,,
527,app|arc,button,change_url,527,command + l,y,,,,,,,,,
528,app|arc,button,toggle_sidebar,528,command + s,y,,,,,,,,,
529,app|arc,button,switch_tabs,529,command + option + up_arrow,y,,,,,,,,,
530,app|arc,button,switch_tabs,530,command + option + down_arrow,y,,,,,,,,,
531,app|arc,button,switch_spaces,531,command + option + left,y,,,,,,,,,
532,app|arc,button,switch_spaces,532,command + option + right,y,,,,,,,,,
533,app|arc,button,go_back,533,command + left,y,,,,,,,,,
534,app|arc,button,go_forward,534,command + right,y,,,,,,,,,
535,app|arc,button,zoom_in,535,command + plus,y,,,,,,,,,
536,app|arc,button,zoom_out,536,command + minus,y,,,,,,,,,
537,app|arc,button,reset_zoom,537,command + zero,y,,,,,,,,,
538,app|arc,button,view_history,538,command + y,y,,,,,,,,,
539,app|arc,button,pin_unpin_tab,539,command + d,y,,,,,,,,,
540,app|arc,button,reopen_closed_tab,540,command + shift + t,y,,,,,,,,,
541,app|arc,button,open_little_arc,541,command + option + n,y,,,,,,,,,
542,app|arc,button,copy_url_as_markdown,542,command + shift + option + c,y,,,,,,,,,
543,app|arc,button,clear_unpinned_tabs,543,command + shift + k,y,,,,,,,,,
544,app|arc,button,toggle_recent_tabs,544,control + tab,y,,,,,,,,,
545,app|arc,button,focus_space,545,control + 1..9,y,,,,,,,,,
546,app|arc,button,add_split_view,546,control + shift + plus,y,,,,,,,,,
547,app|arc,button,close_split_view,547,control + shift + minus,y,,,,,,,,,
548,app|arc,button,switch_split_view,548,control + shift + 1..9,y,,,,,,,,,
549,app|figma,button,move_tool,549,v,y,,,,,,,,,
550,app|figma,button,select_all,550,command + a,y,,,,,,,,,
551,app|figma,button,frame_tool,551,f,y,,,,,,,,,
552,app|figma,button,rectangle_tool,552,r,y,,,,,,,,,
553,app|figma,button,ellipse_tool,553,o,y,,,,,,,,,
554,app|figma,button,line_tool,554,l,y,,,,,,,,,
555,app|figma,button,pen_tool,555,p,y,,,,,,,,,
556,app|figma,button,text_tool,556,t,y,,,,,,,,,
557,app|figma,button,hand_tool,557,h,y,,,,,,,,,
558,app|figma,button,zoom_in,558,command + plus,y,,,,,,,,,
559,app|figma,button,zoom_out,559,command + minus,y,,,,,,,,,
560,app|figma,button,zoom_to_fit,560,shift + 1,y,,,,,,,,,
561,app|figma,button,zoom_to_selection,561,shift + 2,y,,,,,,,,,
562,app|figma,button,pan,562,space,y,,,,,,,,,
563,app|figma,button,undo,563,command + z,y,,,,,,,,,
564,app|figma,button,redo,564,command + shift + z,y,,,,,,,,,
565,app|figma,button,copy,565,command + c,y,,,,,,,,,
566,app|figma,button,paste,566,command + v,y,,,,,,,,,
567,app|figma,button,cut,567,command + x,y,,,,,,,,,
568,app|figma,button,duplicate,568,command + d,y,,,,,,,,,
569,app|figma,button,delete,569,delete,y,,,,,,,,,
570,app|figma,button,group_selection,570,command + g,y,,,,,,,,,
571,app|figma,button,ungroup_selection,571,command + shift + g,y,,,,,,,,,
572,app|figma,button,frame_selection,572,command + option + g,y,,,,,,,,,
573,app|figma,button,bring_forward,573,command + ],y,,,,,,,,,
574,app|figma,button,send_backward,574,command + [,y,,,,,,,,,
575,app|figma,button,bring_to_front,575,command + shift + ],y,,,,,,,,,
576,app|figma,button,send_to_back,576,command + shift + [,y,,,,,,,,,
577,app|figma,button,toggle_mask,577,command + shift + m,y,,,,,,,,,
578,app|figma,button,flatten_selection,578,command + e,y,,,,,,,,,
579,app|figma,button,show_hide_ui,579,command + \,y,,,,,,,,,
580,app|figma,button,export,580,command + shift + e,y,,,,,,,,,
581,app|figma,button,save,581,command + s,y,,,,,,,,,
582,app|figma,button,open_file_browser,582,command + o,y,,,,,,,,,
583,app|figma,button,new_file,583,command + n,y,,,,,,,,,
584,app|figma,button,close_tab,584,command + w,y,,,,,,,,,
585,app|figma,button,rename_layer,585,command + r,y,,,,,,,,,
586,app|figma,button,bold,586,command + b,y,,,,,,,,,
587,app|figma,button,italic,587,command + i,y,,,,,,,,,
588,app|figma,button,underline,588,command + u,y,,,,,,,,,
589,app|figma,button,text_left_align,589,command + shift + l,y,,,,,,,,,
590,app|figma,button,text_center_align,590,command + shift + t,y,,,,,,,,,
591,app|figma,button,text_right_align,591,command + shift + r,y,,,,,,,,,
592,app|figma,button,increase_font_size,592,command + shift + >,y,,,,,,,,,
593,app|figma,button,decrease_font_size,593,command + shift + <,y,,,,,,,,,
594,app|figma,button,create_component,594,command + option + k,y,,,,,,,,,
595,app|figma,button,detach_instance,595,command + option + b,y,,,,,,,,,
596,app|figma,button,place_image,596,command + shift + k,y,,,,,,,,,
597,app|figma,button,toggle_grid,597,control + g,y,,,,,,,,,
598,app|figma,button,toggle_pixel_preview,598,control + p,y,,,,,,,,,
599,app|figma,button,pick_color,599,control + c,y,,,,,,,,,
600,app|figma,button,flip_horizontal,600,shift + h,y,,,,,,,,,
601,app|figma,button,flip_vertical,601,shift + v,y,,,,,,,,,
602,app|figma,button,outline_stroke,602,command + shift + o,y,,,,,,,,,
603,app|figma,button,show_hide_selection,603,command + shift + h,y,,,,,,,,,
604,app|figma,button,lock_unlock_selection,604,command + shift + l,y,,,,,,,,,
605,app|figma,button,collapse_layers,605,command + l,y,,,,,,,,,
606,app|figma,button,smooth_join_selection,606,shift + command + j,y,,,,,,,,,
607,app|figma,button,delete_and_heal_selection,607,shift + command,y,,,,,,,,,
608,app|figma,button,increase_line_height,608,option + up,y,,,,,,,,,
609,app|figma,button,decrease_line_height,609,option + down,y,,,,,,,,,
610,app|figma,button,increase_letter_space,610,option + right,y,,,,,,,,,
611,app|figma,button,decrease_letter_space,611,option + left,y,,,,,,,,,
612,app|figma,button,align_left,612,command + a,y,,,,,,,,,
613,app|figma,button,align_h_centers,613,command + h,y,,,,,,,,,
614,app|figma,button,align_right,614,command + d,y,,,,,,,,,
615,app|figma,button,align_top,615,command + w,y,,,,,,,,,
616,app|figma,button,align_v_centers,616,command + v,y,,,,,,,,,
617,app|figma,button,align_bottom,617,command + s,y,,,,,,,,,
618,app|figma,button,tidy_up,618,control + command + t,y,,,,,,,,,
619,app|figma,button,distribute_h_spacing,619,control + command + h,y,,,,,,,,,
620,app|figma,button,distribute_v_spacing,620,control + command + v,y,,,,,,,,,
621,app|final_cut_pro,button,blade,621,command + b,y,,,,,,,,,
622,app|final_cut_pro,button,blade_all,622,shift + command + b,y,,,,,,,,,
623,app|final_cut_pro,button,append_to_storyline,623,e,y,,,,,,,,,
624,app|final_cut_pro,button,insert,624,w,y,,,,,,,,,
625,app|final_cut_pro,button,overwrite,625,d,y,,,,,,,,,
626,app|final_cut_pro,button,lift_from_storyline,626,option + command + up_arrow,y,,,,,,,,,
627,app|final_cut_pro,button,connect_to_primary_storyline,627,q,y,,,,,,,,,
628,app|final_cut_pro,button,select_clip,628,c,y,,,,,,,,,
629,app|final_cut_pro,button,select_previous_clip,629,command + left,y,,,,,,,,,
630,app|final_cut_pro,button,select_next_clip,630,command + right,y,,,,,,,,,
631,app|final_cut_pro,button,go_to_beginning,631,home,y,,,,,,,,,
632,app|final_cut_pro,button,go_to_end,632,end,y,,,,,,,,,
633,app|final_cut_pro,button,undo_change,633,command + z,y,,,,,,,,,
634,app|final_cut_pro,button,redo_change,634,shift + command + z,y,,,,,,,,,
635,app|final_cut_pro,button,copy,635,command + c,y,,,,,,,,,
636,app|final_cut_pro,button,paste_insert_at_playhead,636,command + v,y,,,,,,,,,
637,app|final_cut_pro,button,cut,637,command + x,y,,,,,,,,,
638,app|final_cut_pro,button,select_all,638,command + a,y,,,,,,,,,
639,app|final_cut_pro,button,delete,639,delete,y,,,,,,,,,
640,app|final_cut_pro,button,open_library,640,command + o,y,,,,,,,,,
641,app|final_cut_pro,button,new_project,641,command + n,y,,,,,,,,,
642,app|final_cut_pro,button,quit,642,command + q,y,,,,,,,,,
643,app|final_cut_pro,button,hide_application,643,command + h,y,,,,,,,,,
644,app|final_cut_pro,button,hide_other_applications,644,option + command + h,y,,,,,,,,,
645,app|final_cut_pro,button,minimize,645,command + m,y,,,,,,,,,
646,app|final_cut_pro,button,settings,646,command + comma,y,,,,,,,,,
647,app|final_cut_pro,button,find,647,command + f,y,,,,,,,,,
648,app|final_cut_pro,button,move_to_trash,648,command + delete,y,,,,,,,,,
649,app|final_cut_pro,button,reveal_in_finder,649,shift + command + r,y,,,,,,,,,
650,app|final_cut_pro,button,import_media,650,command + i,y,,,,,,,,,
651,app|final_cut_pro,button,save,651,command + s,y,,,,,,,,,
652,app|final_cut_pro,button,expand_audio,652,control + s,y,,,,,,,,,
653,app|final_cut_pro,button,go_back_10_frames,653,shift + left,y,,,,,,,,,
654,app|final_cut_pro,button,go_forward_10_frames,654,shift + right,y,,,,,,,,,
655,app|final_cut_pro,button,go_to_next_edit,655,apostrophe,y,,,,,,,,,
656,app|final_cut_pro,button,go_to_previous_edit,656,semicolon,y,,,,,,,,,
657,app|final_cut_pro,button,nudge_left,657,comma,y,,,,,,,,,
658,app|final_cut_pro,button,nudge_right,658,period,y,,,,,,,,,
659,app|final_cut_pro,button,raise_volume_1_db,659,control + =,y,,,,,,,,,
660,app|final_cut_pro,button,lower_volume_1_db,660,control + hyphen,y,,,,,,,,,
661,app|final_cut_pro,button,solo,661,option + s,y,,,,,,,,,
662,app|final_cut_pro,button,snapping,662,n,y,,,,,,,,,
663,app|final_cut_pro,button,show_hide_precision_editor,663,control + e,y,,,,,,,,,
664,app|final_cut_pro,button,toggle_audio_skimming,664,shift + s,y,,,,,,,,,
665,app|final_cut_pro,button,toggle_clip_skimming,665,option + command + s,y,,,,,,,,,
666,app|final_cut_pro,button,connect_default_title,666,control + t,y,,,,,,,,,
667,app|final_cut_pro,button,connect_default_lower_third,667,control + shift + t,y,,,,,,,,,
668,app|final_cut_pro,button,create_audition,668,command + y,y,,,,,,,,,
669,app|final_cut_pro,button,create_storyline,669,command + g,y,,,,,,,,,
670,app|final_cut_pro,button,expand_collapse_audio_components,670,control + option + s,y,,,,,,,,,
671,app|final_cut_pro,button,extend_edit,671,shift + x,y,,,,,,,,,
672,app|final_cut_pro,button,finalize_audition,672,option + shift + y,y,,,,,,,,,
673,app|final_cut_pro,button,insert_gap,673,option + w,y,,,,,,,,,
674,app|final_cut_pro,button,insert_default_generator,674,option + command + w,y,,,,,,,,,
675,app|imovie,button,play_video_space,675,space,y,,,,,,,,,
676,app|imovie,button,play_selection,676,slash,y,,,,,,,,,
677,app|imovie,button,play_from_beginning,677,backslash,y,,,,,,,,,
678,app|imovie,button,move_playhead_forward,678,right,y,,,,,,,,,
679,app|imovie,button,move_playhead_backward,679,left,y,,,,,,,,,
680,app|imovie,button,jump_to_next_clip,680,down_arrow,y,,,,,,,,,
681,app|imovie,button,jump_to_previous_clip,681,up_arrow,y,,,,,,,,,
682,app|imovie,button,add_to_movie,682,e,y,,,,,,,,,
683,app|imovie,button,connect_to_clip,683,q,y,,,,,,,,,
684,app|imovie,button,insert_selection,684,w,y,,,,,,,,,
685,app|imovie,button,undo,685,command + z,y,,,,,,,,,
686,app|imovie,button,redo,686,shift + command + z,y,,,,,,,,,
687,app|imovie,button,copy,687,command + c,y,,,,,,,,,
688,app|imovie,button,paste,688,command + v,y,,,,,,,,,
689,app|imovie,button,cut,689,command + x,y,,,,,,,,,
690,app|imovie,button,select_all_clips,690,command + a,y,,,,,,,,,
691,app|imovie,button,delete,691,delete,y,,,,,,,,,
692,app|imovie,button,fullscreen,692,shift + command + f,y,,,,,,,,,
693,app|imovie,button,exit_fullscreen,693,escape,y,,,,,,,,,
694,app|imovie,button,loop_playback,694,command + l,y,,,,,,,,,
695,app|imovie,button,open_help_menu,695,shift + command + question mark,y,,,,,,,,,
696,app|imovie,button,import_media,696,command + i,y,,,,,,,,,
697,app|imovie,button,new_movie_project,697,command + n,y,,,,,,,,,
698,app|imovie,button,open_settings,698,command + comma,y,,,,,,,,,
699,app|imovie,button,move_to_trash,699,command + delete,y,,,,,,,,,
700,app|imovie,button,deselect_all_clips,700,shift + command + a,y,,,,,,,,,
701,app|imovie,button,improve_quality,701,shift + command + e,y,,,,,,,,,
702,app|imovie,button,trim_clip,702,option + slash,y,,,,,,,,,
703,app|imovie,button,divide_clip,703,command + b,y,,,,,,,,,
704,app|imovie,button,reset_speed,704,option + shift + r,y,,,,,,,,,
705,app|imovie,button,paste_all_adjustments,705,option + command + v,y,,,,,,,,,
706,app|imovie,button,paste_color_adjustments,706,option + command + c,y,,,,,,,,,
707,app|imovie,button,paste_crop_adjustments,707,option + command + r,y,,,,,,,,,
708,app|imovie,button,paste_volume_adjustments,708,option + command + a,y,,,,,,,,,
709,app|imovie,button,paste_video_effect,709,option + command + l,y,,,,,,,,,
710,app|imovie,button,paste_audio_effect,710,option + command + o,y,,,,,,,,,
711,app|imovie,button,paste_speed_adjustments,711,option + command + s,y,,,,,,,,,
712,app|imovie,button,paste_video_overlay,712,option + command + u,y,,,,,,,,,
713,app|imovie,button,paste_map_style,713,option + command + m,y,,,,,,,,,
714,app|imovie,button,rate_as_favorite,714,f,y,,,,,,,,,
715,app|imovie,button,unmark_frames,715,u,y,,,,,,,,,
716,app|imovie,button,open_clip_trimmer,716,command + backslash,y,,,,,,,,,
717,app|imovie,button,open_precision_editor,717,command + slash,y,,,,,,,,,
718,app|imovie,button,show_cinematic_editor,718,option + command + f,y,,,,,,,,,
719,app|imovie,button,open_voiceover_controls,719,v,y,,,,,,,,,
720,app|imovie,button,toggle_audio_skimming,720,shift + s,y,,,,,,,,,
721,app|imovie,button,mute_audio,721,shift + command + m,y,,,,,,,,,
722,app|imovie,button,detach_audio,722,option + command + b,y,,,,,,,,,
723,app|imovie,button,minimize_window,723,command + m,y,,,,,,,,,
724,app|imovie,button,go_to_library_view,724,1,y,,,,,,,,,
725,app|imovie,button,go_to_projects_view,725,2,y,,,,,,,,,
726,app|imovie,button,toggle_libraries_list,726,shift + command + 1,y,,,,,,,,,
727,app|imovie,button,show_my_media,727,command + 1,y,,,,,,,,,
728,app|imovie,button,show_audio,728,command + 2,y,,,,,,,,,
729,app|imovie,button,show_titles,729,command + 3,y,,,,,,,,,
730,app|imovie,button,show_maps_backgrounds,730,command + 4,y,,,,,,,,,
731,app|imovie,button,show_sound_effects,731,command + 5,y,,,,,,,,,
732,app|imovie,button,show_transitions,732,command + 6,y,,,,,,,,,
733,app|logic_pro,button,record,733,r,y,,,,,,,,,
734,app|logic_pro,button,record_toggle,734,asterisk (*),y,,,,,,,,,
735,app|logic_pro,button,discard_recording,735,command + period,y,,,,,,,,,
736,app|logic_pro,button,record_into_cell,736,option + r,y,,,,,,,,,
737,app|logic_pro,button,capture_as_recording,737,shift + r,y,,,,,,,,,
738,app|logic_pro,button,play,738,enter,y,,,,,,,,,
739,app|logic_pro,button,pause,739,period,y,,,,,,,,,
740,app|logic_pro,button,stop,740,0,y,,,,,,,,,
741,app|logic_pro,button,play_or_stop,741,space,y,,,,,,,,,
742,app|logic_pro,button,preview_selection_processing,742,option + shift + space,y,,,,,,,,,
743,app|logic_pro,button,rewind,743,comma,y,,,,,,,,,
744,app|logic_pro,button,forward,744,period,y,,,,,,,,,
745,app|logic_pro,button,fast_rewind,745,shift + comma,y,,,,,,,,,
746,app|logic_pro,button,fast_forward,746,shift + period,y,,,,,,,,,
747,app|logic_pro,button,forward_by_transient,747,control + period,y,,,,,,,,,
748,app|logic_pro,button,rewind_by_transient,748,control + comma,y,,,,,,,,,
749,app|logic_pro,button,play_from_left_window_edge,749,shift + enter,y,,,,,,,,,
750,app|logic_pro,button,go_to_position,750,slash,y,,,,,,,,,
751,app|logic_pro,button,set_punch_in_locator,751,control + option + command + i,y,,,,,,,,,
752,app|logic_pro,button,set_punch_out_locator,752,control + option + command + o,y,,,,,,,,,
753,app|logic_pro,button,set_locators_cycle,753,command + u,y,,,,,,,,,
754,app|logic_pro,button,set_rounded_locators_cycle,754,u,y,,,,,,,,,
755,app|logic_pro,button,play_from_selection,755,shift + space,y,,,,,,,,,
756,app|logic_pro,button,skip_cycle,756,equal sign,y,,,,,,,,,
757,app|logic_pro,button,move_locators_forward,757,shift + command + period,y,,,,,,,,,
758,app|logic_pro,button,move_locators_backward,758,shift + command + comma,y,,,,,,,,,
759,app|logic_pro,button,double_cycle_length,759,option + shift + command + period,y,,,,,,,,,
760,app|logic_pro,button,halve_cycle_length,760,option + shift + command + comma,y,,,,,,,,,
761,app|logic_pro,button,go_to_selection_start,761,control + home,y,,,,,,,,,
762,app|logic_pro,button,go_to_selection_end,762,control + end,y,,,,,,,,,
763,app|logic_pro,button,go_to_end_of_last_region,763,option + return,y,,,,,,,,,
764,app|logic_pro,button,go_to_beginning,764,return,y,,,,,,,,,
765,app|logic_pro,button,create_marker,765,option + apostrophe,y,,,,,,,,,
766,app|logic_pro,button,delete_marker,766,option + delete,y,,,,,,,,,
767,app|logic_pro,button,set_locators_by_marker,767,control + option + c,y,,,,,,,,,
768,app|logic_pro,button,go_to_previous_marker,768,option + comma,y,,,,,,,,,
769,app|logic_pro,button,go_to_next_marker,769,option + period,y,,,,,,,,,
770,app|logic_pro,button,rename_marker,770,shift + apostrophe,y,,,,,,,,,
771,app|logic_pro,button,go_to_marker_1,771,1,y,,,,,,,,,
772,app|logic_pro,button,go_to_marker_2,772,2,y,,,,,,,,,
773,app|logic_pro,button,go_to_marker_3,773,3,y,,,,,,,,,
774,app|logic_pro,button,go_to_marker_4,774,4,y,,,,,,,,,
775,app|logic_pro,button,go_to_marker_5,775,5,y,,,,,,,,,
776,app|logic_pro,button,toggle_cycle_mode,776,c,y,,,,,,,,,
777,app|logic_pro,button,toggle_autopunch_mode,777,control + option + command + p,y,,,,,,,,,
778,app|logic_pro,button,toggle_replace,778,slash,y,,,,,,,,,
779,app|logic_pro,button,toggle_region_solo,779,control + s,y,,,,,,,,,
780,app|logic_pro,button,clear_recall_solo,780,option + s,y,,,,,,,,,
781,app|logic_pro,button,mute_off_for_all,781,control + shift + m,y,,,,,,,,,
782,app|logic_pro,button,toggle_metronome_click,782,k,y,,,,,,,,,
783,app|logic_pro,button,toggle_count_in,783,shift + k,y,,,,,,,,,
784,app|logic_pro,button,recall_screenset_1,784,1,y,,,,,,,,,
785,app|logic_pro,button,recall_screenset_2,785,2,y,,,,,,,,,
786,app|logic_pro,button,recall_screenset_3,786,3,y,,,,,,,,,
787,app|logic_pro,button,recall_screenset_4,787,4,y,,,,,,,,,
788,app|logic_pro,button,recall_screenset_5,788,5,y,,,,,,,,,
789,app|logic_pro,button,open_settings,789,command + comma,y,,,,,,,,,
790,app|logic_pro,button,open_event_list,790,command + 7,y,,,,,,,,,
791,app|logic_pro,button,open_mixer,791,command + 2,y,,,,,,,,,
792,app|logic_pro,button,show_hide_mixer,792,x,y,,,,,,,,,
793,app|logic_pro,button,show_hide_loop_browser,793,o,y,,,,,,,,,
794,app|logic_pro,button,show_hide_library,794,y,y,,,,,,,,,
795,app|logic_pro,button,show_hide_quick_help,795,shift + slash,y,,,,,,,,,
796,app|adobe_premiere_pro,button,play_pause,796,spacebar,y,,,,,,,,,
797,app|adobe_premiere_pro,button,play_forward,797,l,y,,,,,,,,,
798,app|adobe_premiere_pro,button,play_backward,798,j,y,,,,,,,,,
799,app|adobe_premiere_pro,button,stop_playback,799,k,y,,,,,,,,,
800,app|adobe_premiere_pro,button,set_in_point,800,i,y,,,,,,,,,
801,app|adobe_premiere_pro,button,set_out_point,801,o,y,,,,,,,,,
802,app|adobe_premiere_pro,button,undo,802,cmd + z,y,,,,,,,,,
803,app|adobe_premiere_pro,button,redo,803,cmd + shift + z,y,,,,,,,,,
804,app|adobe_premiere_pro,button,copy,804,cmd + c,y,,,,,,,,,
805,app|adobe_premiere_pro,button,cut,805,cmd + x,y,,,,,,,,,
806,app|adobe_premiere_pro,button,paste,806,cmd + v,y,,,,,,,,,
807,app|adobe_premiere_pro,button,select_all,807,cmd + a,y,,,,,,,,,
808,app|adobe_premiere_pro,button,deselect_all,808,cmd + d,y,,,,,,,,,
809,app|adobe_premiere_pro,button,move_up_track,809,up_arrow,y,,,,,,,,,
810,app|adobe_premiere_pro,button,move_down_track,810,down_arrow,y,,,,,,,,,
811,app|adobe_premiere_pro,button,move_left_frame,811,left,y,,,,,,,,,
812,app|adobe_premiere_pro,button,move_right_frame,812,right,y,,,,,,,,,
813,app|adobe_premiere_pro,button,jump_previous_edit,813,cmd + left,y,,,,,,,,,
814,app|adobe_premiere_pro,button,jump_next_edit,814,cmd + right,y,,,,,,,,,
815,app|adobe_premiere_pro,button,jump_beginning_sequence,815,cmd + up_arrow,y,,,,,,,,,
816,app|adobe_premiere_pro,button,jump_end_sequence,816,cmd + down_arrow,y,,,,,,,,,
817,app|adobe_premiere_pro,button,go_next_edit_point,817,shift + k,y,,,,,,,,,
818,app|adobe_premiere_pro,button,duplicate_clip,818,cmd + d,y,,,,,,,,,
819,app|adobe_premiere_pro,button,export_media,819,cmd + e,y,,,,,,,,,
820,app|adobe_premiere_pro,button,add_marker,820,cmd + m,y,,,,,,,,,
821,app|adobe_premiere_pro,button,add_edit_cut,821,cmd + k,y,,,,,,,,,
822,app|adobe_premiere_pro,button,increase_audio_levels,822,l,y,,,,,,,,,
823,app|adobe_premiere_pro,button,decrease_audio_levels,823,j,y,,,,,,,,,
824,app|adobe_premiere_pro,button,toggle_audio_track_lock,824,cmd + l,y,,,,,,,,,
825,app|adobe_premiere_pro,button,mute_audio,825,m,y,,,,,,,,,
826,app|adobe_premiere_pro,button,zoom_to_sequence,826,backtick,y,,,,,,,,,
827,app|adobe_premiere_pro,button,zoom_in_timeline,827,plus,y,,,,,,,,,
828,app|adobe_premiere_pro,button,zoom_out_timeline,828,minus,y,,,,,,,,,
829,app|adobe_premiere_pro,button,fit_to_frame_size,829,cmd + =,y,,,,,,,,,
830,app|adobe_premiere_pro,button,open_edit_marker_dialog,830,cmd + m,y,,,,,,,,,
831,app|ableton_live,button,toggle_automation,831,a,y,,,,,,,,,
832,app|ableton_live,button,toggle_draw_mode,832,b,y,,,,,,,,,
833,app|ableton_live,button,consolidate_clips,833,cmd + j,y,,,,,,,,,
834,app|ableton_live,button,insert_midi_clip,834,cmd + shift + m,y,,,,,,,,,
835,app|ableton_live,button,split_clips,835,cmd + e,y,,,,,,,,,
836,app|ableton_live,button,reverse_audio_clip,836,r,y,,,,,,,,,
837,app|ableton_live,button,deactivate_clip,837,0,y,,,,,,,,,
838,app|ableton_live,button,toggle_fade_controls,838,f,y,,,,,,,,,
839,app|ableton_live,button,stretch_audio_clip,839,shift + drag,y,,,,,,,,,
840,app|ableton_live,button,extend_note_length,840,shift + arrow_keys,y,,,,,,,,,
841,app|ableton_live,button,transpose_octaves,841,shift + up/down_arrows,y,,,,,,,,,
842,app|ableton_live,button,quantize,842,cmd + u,y,,,,,,,,,
843,app|ableton_live,button,open_quantize_settings,843,cmd + shift + u,y,,,,,,,,,
844,app|ableton_live,button,move_notes,844,arrow_keys,y,,,,,,,,,
845,app|ableton_live,button,bypass_snap_to_grid,845,cmd + drag (left/right),y,,,,,,,,,
846,app|ableton_live,button,change_note_velocity,846,cmd + drag (up/down),y,,,,,,,,,
847,app|ableton_live,button,insert_new_track,847,cmd + t,y,,,,,,,,,
848,app|ableton_live,button,insert_new_midi_track,848,cmd + shift + t,y,,,,,,,,,
849,app|ableton_live,button,insert_return_track,849,cmd + opt + t,y,,,,,,,,,
850,app|ableton_live,button,group_tracks,850,cmd + g,y,,,,,,,,,
851,app|ableton_live,button,rename_next_track,851,tab,y,,,,,,,,,
852,app|ableton_live,button,arm_solo_multiple_tracks,852,cmd + click,y,,,,,,,,,
853,app|ableton_live,button,fit_tracks_to_height,853,h,y,,,,,,,,,
854,app|ableton_live,button,fit_tracks_to_width,854,w,y,,,,,,,,,
855,app|ableton_live,button,toggle_snap_mode,855,cmd + draw,y,,,,,,,,,
856,app|ableton_live,button,morph_automation,856,highlight + click + drag,y,,,,,,,,,
857,app|ableton_live,button,add_breakpoint_value,857,right click -> add/edit value,y,,,,,,,,,
858,app|ableton_live,button,add_curves_to_envelopes,858,opt + drag,y,,,,,,,,,
859,app|ableton_live,button,add_predefined_curves,859,highlight + right click + select shape,y,,,,,,,,,
860,app|zoom,button,mute_unmute_audio,860,command + shift + a,y,,,,,,,,,
861,app|zoom,button,start_stop_video,861,command + shift + v,y,,,,,,,,,
862,app|zoom,button,start_stop_screen_share,862,command + shift + s,y,,,,,,,,,
863,app|zoom,button,join_meeting,863,command + j,y,,,,,,,,,
864,app|zoom,button,start_meeting,864,command + control + v,y,,,,,,,,,
865,app|zoom,button,schedule_meeting,865,command + d,y,,,,,,,,,
866,app|zoom,button,screen_share_direct,866,command + control + s,y,,,,,,,,,
867,app|zoom,button,mute_all_except_host,867,command + control + m,y,,,,,,,,,
868,app|zoom,button,unmute_all_except_host,868,command + control + u,y,,,,,,,,,
869,app|zoom,button,push_to_talk,869,space,y,,,,,,,,,
870,app|zoom,button,switch_camera,870,command + shift + n,y,,,,,,,,,
871,app|zoom,button,pause_resume_screen_share,871,command + shift + t,y,,,,,,,,,
872,app|zoom,button,start_stop_local_recording,872,command + shift + r,y,,,,,,,,,
873,app|zoom,button,start_stop_cloud_recording,873,command + shift + c,y,,,,,,,,,
874,app|zoom,button,pause_resume_recording,874,command + shift + p,y,,,,,,,,,
875,app|zoom,button,switch_speaker_gallery_view,875,command + shift + w,y,,,,,,,,,
876,app|zoom,button,previous_page_gallery,876,ctrl + p,y,,,,,,,,,
877,app|zoom,button,next_page_gallery,877,ctrl + n,y,,,,,,,,,
878,app|zoom,button,show_hide_participants,878,command + u,y,,,,,,,,,
879,app|zoom,button,show_hide_chat,879,command + shift + h,y,,,,,,,,,
880,app|zoom,button,open_invite_window,880,command + i,y,,,,,,,,,
881,app|zoom,button,copy_invite_link,881,command + shift + i,y,,,,,,,,,
882,app|zoom,button,raise_lower_hand,882,option + y,y,,,,,,,,,
883,app|zoom,button,begin_remote_control,883,ctrl + shift + r,y,,,,,,,,,
884,app|zoom,button,revoke_remote_control,884,ctrl + shift + g,y,,,,,,,,,
885,app|zoom,button,enter_exit_full_screen,885,command + shift + f,y,,,,,,,,,
886,app|zoom,button,switch_minimal_window,886,command + shift + m,y,,,,,,,,,
887,app|zoom,button,dual_monitor_mode,887,command + shift + d,y,,,,,,,,,
888,app|zoom,button,show_hide_float_controls,888,control + option + command + h,y,,,,,,,,,
889,app|zoom,button,read_active_speaker,889,command + 2,y,,,,,,,,,
890,app|zoom,button,toggle_meeting_controls,890,ctrl + \,y,,,,,,,,,
891,app|zoom,button,screenshot,891,command + t,y,,,,,,,,,
892,app|zoom,button,increase_chat_size,892,command + +,y,,,,,,,,,
893,app|zoom,button,decrease_chat_size,893,command + -,y,,,,,,,,,
894,app|zoom,button,back_chat_history,894,command + [,y,,,,,,,,,
895,app|zoom,button,forward_chat_history,895,command + ],y,,,,,,,,,
896,app|zoom,button,new_chat,896,command + n,y,,,,,,,,,
897,app|zoom,button,search_chat,897,command + f,y,,,,,,,,,
898,app|zoom,button,add_member_group_chat,898,command + option + i,y,,,,,,,,,
899,app|zoom,button,focus_list_chats,899,command + shift + l,y,,,,,,,,,
900,app|zoom,button,jump_start_new_messages,900,command + control + n,y,,,,,,,,,
901,app|zoom,button,focus_latest_message,901,command + shift + u,y,,,,,,,,,
902,app|zoom,button,call_phone,902,control + shift + c,y,,,,,,,,,
903,app|zoom,button,accept_call,903,control + shift + a,y,,,,,,,,,
904,app|zoom,button,decline_call,904,control + shift + d,y,,,,,,,,,
905,app|zoom,button,end_call,905,control + shift + e,y,,,,,,,,,
906,app|zoom,button,mute_unmute_call,906,control + shift + m,y,,,,,,,,,
907,app|zoom,button,hold_unhold_call,907,control + shift + h,y,,,,,,,,,
908,app|zoom,button,transfer_call,908,control + shift + t,y,,,,,,,,,
909,app|zoom,button,close_window,909,command + w,y,,,,,,,,,
910,app|zoom,button,network_diagnostic,910,command + option + shift + d,y,,,,,,,,,
911,app|zoom,button,switch_next_tab,911,control + tab,y,,,,,,,,,
912,app|zoom,button,switch_previous_tab,912,control + shift + tab,y,,,,,,,,,
913,app|zoom,button,switch_last_tab,913,command + 9,y,,,,,,,,,
914,app|zoom,button,switch_portrait_landscape,914,command + l,y,,,,,,,,,
915,app|excel,button,save_workbook,915,command + s,y,,,,,,,,,
916,app|excel,button,undo_last_action,916,command + z,y,,,,,,,,,
917,app|excel,button,copy_cell_contents,917,command + c,y,,,,,,,,,
918,app|excel,button,paste_from_clipboard,918,command + v,y,,,,,,,,,
919,app|excel,button,cut_cell_contents,919,command + x,y,,,,,,,,,
920,app|excel,button,create_new_workbook,920,command + n,y,,,,,,,,,
921,app|excel,button,open_workbook,921,command + o,y,,,,,,,,,
922,app|excel,button,close_workbook,922,command + w,y,,,,,,,,,
923,app|excel,button,print_workbook,923,command + p,y,,,,,,,,,
924,app|excel,button,find_dialog,924,control + f,y,,,,,,,,,
925,app|excel,button,select_entire_worksheet,925,command + a,y,,,,,,,,,
926,app|excel,button,format_cells_dialog,926,command + 1,y,,,,,,,,,
927,app|excel,button,insert_function,927,shift + fn + f3,y,,,,,,,,,
928,app|excel,button,insert_autosum,928,command + shift + t,y,,,,,,,,,
929,app|excel,button,insert_hyperlink,929,command + k,y,,,,,,,,,
930,app|excel,button,move_one_cell_down,930,down,y,,,,,,,,,
931,app|excel,button,move_one_cell_up,931,up,y,,,,,,,,,
932,app|excel,button,move_one_cell_right,932,right,y,,,,,,,,,
933,app|excel,button,move_one_cell_left,933,left,y,,,,,,,,,
934,app|excel,button,move_to_beginning_of_row,934,fn + left,y,,,,,,,,,
935,app|excel,button,move_to_last_cell_with_content,935,control + fn + right,y,,,,,,,,,
936,app|excel,button,select_row,936,shift + spacebar,y,,,,,,,,,
937,app|excel,button,select_column,937,control + spacebar,y,,,,,,,,,
938,app|excel,button,hide_selected_rows,938,command + 9,y,,,,,,,,,
939,app|excel,button,unhide_hidden_rows,939,command + shift + (,y,,,,,,,,,
940,app|excel,button,hide_selected_columns,940,command + 0,y,,,,,,,,,
941,app|excel,button,unhide_hidden_columns,941,command + shift + ),y,,,,,,,,,
942,app|excel,button,insert_current_date,942,control + ;,y,,,,,,,,,
943,app|excel,button,insert_current_time,943,command + ;,y,,,,,,,,,
944,app|excel,button,create_table_dialog,944,control + t,y,,,,,,,,,
945,app|excel,button,apply_currency_format,945,control + shift + $,y,,,,,,,,,
946,app|excel,button,apply_percentage_format,946,control + shift + %,y,,,,,,,,,
947,app|excel,button,apply_date_format,947,control + shift + #,y,,,,,,,,,
948,app|excel,button,apply_time_format,948,control + shift + @,y,,,,,,,,,
949,app|excel,button,toggle_formula_display,949,control + `,y,,,,,,,,,
950,app|excel,button,calculate_current_worksheet,950,shift + fn + f9,y,,,,,,,,,
951,app|excel,button,insert_new_worksheet,951,shift + fn + f11,y,,,,,,,,,
952,app|excel,button,spell_check,952,fn + f7,y,,,,,,,,,
953,app|excel,button,go_to_dialog,953,fn + f5,y,,,,,,,,,
954,app|excel,button,redo_last_action,954,command + y,y,,,,,,,,,
955,app|excel,button,insert_edit_cell_comment,955,command + shift + fn + f2,y,,,,,,,,,
956,app|excel,button,move_one_screen_up,956,fn + up,y,,,,,,,,,
957,app|excel,button,move_one_screen_down,957,fn + down,y,,,,,,,,,
958,app|excel,button,move_one_screen_left,958,fn + option + up,y,,,,,,,,,
959,app|excel,button,move_one_screen_right,959,fn + option + down,y,,,,,,,,,
960,app|excel,button,move_worksheet_tab_left,960,option + left,y,,,,,,,,,
961,app|excel,button,move_worksheet_tab_right,961,option + right,y,,,,,,,,,
962,app|excel,button,switch_to_next_worksheet,962,command + ~,y,,,,,,,,,
963,app|excel,button,extend_selection_by_cell,963,shift + arrow,y,,,,,,,,,
964,app|excel,button,extend_selection_to_row_start,964,shift + fn + left,y,,,,,,,,,
965,app|excel,button,extend_selection_to_worksheet_start,965,control + shift + fn + left,y,,,,,,,,,
966,app|excel,button,flash_fill,966,control + e,y,,,,,,,,,
967,app|excel,button,apply_border,967,command + option + 0,y,,,,,,,,,
968,app|excel,button,remove_border,968,command + option + -,y,,,,,,,,,
969,app|excel,button,toggle_absolute_relative_reference,969,command + t,y,,,,,,,,,
970,app|word,button,undo,970,command + z,y,,,,,,,,,
971,app|word,button,copy,971,command + c,y,,,,,,,,,
972,app|word,button,paste,972,command + v,y,,,,,,,,,
973,app|word,button,cut,973,command + x,y,,,,,,,,,
974,app|word,button,save_as,974,command + shift + s,y,,,,,,,,,
975,app|word,button,find,975,command + f,y,,,,,,,,,
976,app|word,button,print,976,command + p,y,,,,,,,,,
977,app|word,button,close_document,977,command + f4,y,,,,,,,,,
978,app|word,button,bold,978,command + b,y,,,,,,,,,
979,app|word,button,italics,979,command + i,y,,,,,,,,,
980,app|word,button,underline,980,command + u,y,,,,,,,,,
981,app|word,button,select_all,981,command + a,y,,,,,,,,,
982,app|word,button,redo,982,command + y,y,,,,,,,,,
983,app|word,button,spelling_grammar,983,command + option + l,y,,,,,,,,,
984,app|word,button,go_to,984,command + option + g,y,,,,,,,,,
985,app|word,button,switch_next_window,985,command + grave_accent,y,,,,,,,,,
986,app|word,button,switch_previous_window,986,command + shift + grave_accent,y,,,,,,,,,
987,app|word,button,expand_minimize_ribbon,987,command + option + r,y,,,,,,,,,
988,app|word,button,increase_font_size,988,command + shift + >,y,,,,,,,,,
989,app|word,button,decrease_font_size,989,command + shift + <,y,,,,,,,,,
990,app|word,button,center_paragraph,990,command + e,y,,,,,,,,,
991,app|word,button,justify_paragraph,991,command + j,y,,,,,,,,,
992,app|word,button,align_left,992,command + l,y,,,,,,,,,
993,app|word,button,align_right,993,command + r,y,,,,,,,,,
994,app|word,button,single_spacing,994,command + 1,y,,,,,,,,,
995,app|word,button,double_spacing,995,command + 2,y,,,,,,,,,
996,app|word,button,one_half_spacing,996,command + 5,y,,,,,,,,,
997,app|word,button,normal_style,997,command + shift + n,y,,,,,,,,,
998,app|word,button,heading_1,998,command + option + 1,y,,,,,,,,,
999,app|word,button,heading_2,999,command + option + 2,y,,,,,,,,,
1000,app|word,button,heading_3,1000,command + option + 3,y,,,,,,,,,
1001,app|word,button,list_style,1001,command + shift + l,y,,,,,,,,,
1002,app|word,button,move_word_left,1002,option + left_arrow,y,,,,,,,,,
1003,app|word,button,move_word_right,1003,option + right_arrow,y,,,,,,,,,
1004,app|word,button,move_paragraph_up,1004,command + up_arrow,y,,,,,,,,,
1005,app|word,button,move_paragraph_down,1005,command + down_arrow,y,,,,,,,,,
1006,app|word,button,move_line_start,1006,command + left_arrow,y,,,,,,,,,
1007,app|word,button,move_line_end,1007,command + right_arrow,y,,,,,,,,,
1008,app|word,button,move_page_up,1008,command + page_up,y,,,,,,,,,
1009,app|word,button,move_page_down,1009,command + page_down,y,,,,,,,,,
1010,app|word,button,move_document_start,1010,command + home,y,,,,,,,,,
1011,app|word,button,move_document_end,1011,command + end,y,,,,,,,,,
1012,app|word,button,select_word_left,1012,shift + option + left_arrow,y,,,,,,,,,
1013,app|word,button,select_word_right,1013,shift + option + right_arrow,y,,,,,,,,,
1014,app|word,button,select_line_start,1014,command + shift + left_arrow,y,,,,,,,,,
1015,app|word,button,select_line_end,1015,command + shift + right_arrow,y,,,,,,,,,
1016,app|word,button,select_paragraph_up,1016,command + shift + up_arrow,y,,,,,,,,,
1017,app|word,button,select_paragraph_down,1017,command + shift + down_arrow,y,,,,,,,,,
1018,app|word,button,select_page_up,1018,shift + page_up,y,,,,,,,,,
1019,app|word,button,select_page_down,1019,shift + page_down,y,,,,,,,,,
1020,app|word,button,select_document_start,1020,command + shift + home,y,,,,,,,,,
1021,app|word,button,select_document_end,1021,command + shift + end,y,,,,,,,,,
1022,app|word,button,copy_formatting,1022,command + shift + c,y,,,,,,,,,
1023,app|word,button,paste_formatting,1023,command + shift + v,y,,,,,,,,,
1024,app|word,button,increase_font_1pt,1024,command + ],y,,,,,,,,,
1025,app|word,button,decrease_font_1pt,1025,command + [,y,,,,,,,,,
1026,app|word,button,font_dialog,1026,command + d,y,,,,,,,,,
1027,app|word,button,change_case,1027,shift + f3,y,,,,,,,,,
1028,app|word,button,all_caps,1028,command + shift + a,y,,,,,,,,,
1029,app|word,button,add_bullet,1029,command + shift + l,y,,,,,,,,,
1030,app|word,button,underline_words,1030,command + shift + w,y,,,,,,,,,
1031,app|word,button,double_underline,1031,command + shift + d,y,,,,,,,,,
1032,app|word,button,small_caps,1032,command + shift + k,y,,,,,,,,,
1033,app|word,button,strikethrough,1033,command + shift + x,y,,,,,,,,,
1034,app|word,button,insert_page_break,1034,command + return,y,,,,,,,,,
1035,app|word,button,insert_column_break,1035,command + shift + return,y,,,,,,,,,
1036,app|word,button,insert_nonbreaking_hyphen,1036,command + shift + hyphen,y,,,,,,,,,
1037,app|word,button,insert_field,1037,command + f9,y,,,,,,,,,
1038,app|word,button,insert_row,1038,command + control + i,y,,,,,,,,,
1039,app|word,button,update_fields,1039,f9,y,,,,,,,,,
1040,app|word,button,toggle_field_codes,1040,shift + f9,y,,,,,,,,,
1041,app|word,button,lock_field,1041,command + f11,y,,,,,,,,,
1042,app|word,button,unlock_field,1042,command + shift + f11,y,,,,,,,,,
1043,app|teams,button,name_of_shortcut,1043,shortcut,y,,,,,,,,,
1044,app|teams,button,send_message,1044,command + enter,y,,,,,,,,,
1045,app|teams,button,toggle_mute,1045,command + shift + m,y,,,,,,,,,
1046,app|teams,button,start_new_chat,1046,command + n,y,,,,,,,,,
1047,app|teams,button,go_to_search,1047,command + e,y,,,,,,,,,
1048,app|teams,button,open_settings,1048,command + comma,y,,,,,,,,,
1049,app|teams,button,zoom_in,1049,command + equal sign,y,,,,,,,,,
1050,app|teams,button,zoom_out,1050,command + minus,y,,,,,,,,,
1051,app|teams,button,show_keyboard_shortcuts,1051,command + period,y,,,,,,,,,
1052,app|teams,button,start_video_call,1052,option + shift + v,y,,,,,,,,,
1053,app|teams,button,start_audio_call,1053,option + shift + a,y,,,,,,,,,
1054,app|teams,button,raise_or_lower_hand,1054,command + shift + k,y,,,,,,,,,
1055,app|teams,button,toggle_video,1055,command + shift + o,y,,,,,,,,,
1056,app|teams,button,go_to_compose_box,1056,control + r,y,,,,,,,,,
1057,app|teams,button,expand_compose_box,1057,command + shift + x,y,,,,,,,,,
1058,app|teams,button,attach_file_in_chat,1058,option + shift + o,y,,,,,,,,,
1059,app|teams,button,attach_file_in_channel,1059,command + o,y,,,,,,,,,
1060,app|teams,button,new_line,1060,shift + return,y,,,,,,,,,
1061,app|teams,button,mark_message_as_important,1061,command + shift + i,y,,,,,,,,,
1062,app|teams,button,jump_to_last_read,1062,command + j,y,,,,,,,,,
1063,app|teams,button,search_current_chat,1063,command + f,y,,,,,,,,,
1064,app|teams,button,insert_link,1064,command + k,y,,,,,,,,,
1065,app|teams,button,open_filter,1065,command + shift + f,y,,,,,,,,,
1066,app|teams,button,start_chat_new_window,1066,command + shift + n,y,,,,,,,,,
1067,app|teams,button,accept_video_call,1067,command + shift + a,y,,,,,,,,,
1068,app|teams,button,accept_audio_call,1068,command + shift + s,y,,,,,,,,,
1069,app|teams,button,decline_call,1069,command + shift + d,y,,,,,,,,,
1070,app|teams,button,end_call,1070,command + shift + h,y,,,,,,,,,
1071,app|teams,button,temporarily_unmute,1071,option + spacebar,y,,,,,,,,,
1072,app|teams,button,schedule_meeting,1072,option + shift + n,y,,,,,,,,,
1073,app|teams,button,join_meeting,1073,option + shift + j,y,,,,,,,,,
1074,app|teams,button,open_activity_feed,1074,control + 1,y,,,,,,,,,
1075,app|teams,button,open_chat,1075,control + 2,y,,,,,,,,,
1076,app|teams,button,open_teams,1076,control + 3,y,,,,,,,,,
1077,app|teams,button,open_calendar,1077,control + 4,y,,,,,,,,,
1078,app|teams,button,open_calls,1078,control + 5,y,,,,,,,,,
1079,app|teams,button,open_files,1079,control + 6,y,,,,,,,,,
1080,app|teams,button,add_loop_paragraph,1080,option + command + l,y,,,,,,,,,
1081,app|teams,button,move_focus_to_chat,1081,control + l,y,,,,,,,,,
1082,app|teams,button,move_focus_to_message,1082,control + m,y,,,,,,,,,
1083,app|teams,button,open_history_menu,1083,command + shift + h,y,,,,,,,,,
1084,app|teams,button,go_to_previous_section,1084,command + shift + f6,y,,,,,,,,,
1085,app|teams,button,go_to_next_section,1085,command + f6,y,,,,,,,,,
1086,app|teams,button,go_back,1086,command + opening bracket sign,y,,,,,,,,,
1087,app|teams,button,go_forward,1087,command + closing bracket sign,y,,,,,,,,,
1088,app|teams,button,insert_block_quote,1088,command + option + 4,y,,,,,,,,,
1089,app|teams,button,insert_code,1089,command + 5,y,,,,,,,,,
1090,app|teams,button,pop_out_chat,1090,command + o,y,,,,,,,,,
1091,app|teams,button,chat_details_pane,1091,option + p,y,,,,,,,,,
1092,app|teams,button,apply_heading_1,1092,command + option + 1,y,,,,,,,,,
1093,app|teams,button,apply_heading_2,1093,command + option + 2,y,,,,,,,,,
1094,app|teams,button,apply_heading_3,1094,command + option + 3,y,,,,,,,,,
1095,app|teams,button,reply_to_message,1095,control + shift + r,y,,,,,,,,,
1096,app|teams,button,edit_last_message,1096,option + shift + e,y,,,,,,,,,
1097,app|teams,button,react_to_message,1097,command + option + r,y,,,,,,,,,
1098,app|teams,button,see_all_unread_chats,1098,control + option + u,y,,,,,,,,,
1099,app|teams,button,see_all_chats,1099,control + option + c,y,,,,,,,,,
1100,app|teams,button,see_all_meeting_chats,1100,control + option + m,y,,,,,,,,,
1101,app|teams,button,see_all_muted_chats,1101,control + option + e,y,,,,,,,,,
1102,app|teams,button,record_video_clip,1102,command + shift + e,y,,,,,,,,,
1103,app|teams,button,announce_raised_hands,1103,command + shift + l,y,,,,,,,,,
1104,app|teams,button,admit_from_lobby,1104,command + shift + y,y,,,,,,,,,
1105,app|teams,button,save_meeting_request,1105,command + s,y,,,,,,,,,
1106,app|teams,button,zoom_into_shared_content,1106,option + shift + equal sign,y,,,,,,,,,
1107,app|teams,button,zoom_out_shared_content,1107,option + shift + minus,y,,,,,,,,,
1108,app|teams,button,reset_zoom_shared_content,1108,option + shift + 0,y,,,,,,,,,
1109,app|teams,button,pan_shared_content_up,1109,option + shift + up_arrow,y,,,,,,,,,
1110,app|teams,button,pan_shared_content_down,1110,option + shift + down_arrow,y,,,,,,,,,
1111,app|teams,button,pan_shared_content_left,1111,option + shift + left,y,,,,,,,,,
1112,app|teams,button,pan_shared_content_right,1112,option + shift + right,y,,,,,,,,,
1113,app|teams,button,mark_all_as_read,1113,control + option + k,y,,,,,,,,,
1114,app|teams,button,see_all_unread_activity,1114,control + option + u,y,,,,,,,,,
1115,app|teams,button,filter_missed_calls,1115,control + option + c,y,,,,,,,,,
1116,app|teams,button,filter_mentions,1116,control + option + m,y,,,,,,,,,
1117,app|teams,button,download_diagnostic_logs,1117,command + option + shift + 1,y,,,,,,,,,
1118,app|teams,button,reset_zoom_level,1118,control + 0,y,,,,,,,,,
1119,app|powerpoint,button,new_presentation,1119,command + n,y,,,,,,,,,
1120,app|powerpoint,button,save_presentation,1120,command + s,y,,,,,,,,,
1121,app|powerpoint,button,open_presentation,1121,command + o,y,,,,,,,,,
1122,app|powerpoint,button,close_presentation,1122,command + w,y,,,,,,,,,
1123,app|powerpoint,button,print_presentation,1123,command + p,y,,,,,,,,,
1124,app|powerpoint,button,undo,1124,command + z,y,,,,,,,,,
1125,app|powerpoint,button,redo,1125,command + y,y,,,,,,,,,
1126,app|powerpoint,button,cut,1126,command + x,y,,,,,,,,,
1127,app|powerpoint,button,copy,1127,command + c,y,,,,,,,,,
1128,app|powerpoint,button,paste,1128,command + v,y,,,,,,,,,
1129,app|powerpoint,button,select_all,1129,command + a,y,,,,,,,,,
1130,app|powerpoint,button,bold,1130,command + b,y,,,,,,,,,
1131,app|powerpoint,button,italic,1131,command + i,y,,,,,,,,,
1132,app|powerpoint,button,underline,1132,command + u,y,,,,,,,,,
1133,app|powerpoint,button,new_slide,1133,command + shift + n,y,,,,,,,,,
1134,app|powerpoint,button,start_slideshow,1134,command + shift + return,y,,,,,,,,,
1135,app|powerpoint,button,end_slideshow,1135,esc,y,,,,,,,,,
1136,app|powerpoint,button,next_slide,1136,page down,y,,,,,,,,,
1137,app|powerpoint,button,previous_slide,1137,page up,y,,,,,,,,,
1138,app|powerpoint,button,zoom_in,1138,command + plus,y,,,,,,,,,
1139,app|powerpoint,button,zoom_out,1139,command + minus,y,,,,,,,,,
1140,app|powerpoint,button,insert_hyperlink,1140,command + k,y,,,,,,,,,
1141,app|powerpoint,button,insert_comment,1141,command + shift + m,y,,,,,,,,,
1142,app|powerpoint,button,format_object,1142,command + shift + 1,y,,,,,,,,,
1143,app|powerpoint,button,group_objects,1143,command + option + g,y,,,,,,,,,
1144,app|powerpoint,button,ungroup_objects,1144,command + option + shift + g,y,,,,,,,,,
1145,app|powerpoint,button,send_to_back,1145,command + shift + b,y,,,,,,,,,
1146,app|powerpoint,button,bring_to_front,1146,command + shift + f,y,,,,,,,,,
1147,app|powerpoint,button,open_font_dialog,1147,command + t,y,,,,,,,,,
1148,app|powerpoint,button,increase_font_size,1148,command + shift + right angle bracket,y,,,,,,,,,
1149,app|powerpoint,button,decrease_font_size,1149,command + shift + left angle bracket,y,,,,,,,,,
1150,app|powerpoint,button,align_left,1150,command + l,y,,,,,,,,,
1151,app|powerpoint,button,align_center,1151,command + e,y,,,,,,,,,
1152,app|powerpoint,button,align_right,1152,command + r,y,,,,,,,,,
1153,app|powerpoint,button,justify,1153,command + j,y,,,,,,,,,
1154,app|powerpoint,button,find,1154,command + f,y,,,,,,,,,
1155,app|powerpoint,button,replace,1155,command + shift + h,y,,,,,,,,,
1156,app|powerpoint,button,switch_to_normal_view,1156,command + 1,y,,,,,,,,,
1157,app|powerpoint,button,switch_to_slide_sorter,1157,command + 2,y,,,,,,,,,
1158,app|powerpoint,button,switch_to_notes_page,1158,command + 3,y,,,,,,,,,
1159,app|powerpoint,button,switch_to_outline_view,1159,command + 4,y,,,,,,,,,
1160,app|powerpoint,button,switch_to_slide_master,1160,command + option + 1,y,,,,,,,,,
1161,app|powerpoint,button,switch_to_handout_master,1161,command + option + 2,y,,,,,,,,,
1162,app|powerpoint,button,switch_to_notes_master,1162,command + option + 3,y,,,,,,,,,
1163,app|powerpoint,button,switch_to_presenter_view,1163,option + return,y,,,,,,,,,
1164,app|powerpoint,button,full_screen,1164,command + control + f,y,,,,,,,,,
1165,app|powerpoint,button,show_hide_guides,1165,command + option + control + g,y,,,,,,,,,
1166,app|powerpoint,button,show_hide_grid,1166,shift + f9,y,,,,,,,,,
1167,app|powerpoint,button,move_slide_up,1167,command + up_arrow,y,,,,,,,,,
1168,app|powerpoint,button,move_slide_down,1168,command + down_arrow,y,,,,,,,,,
1169,app|powerpoint,button,move_slide_to_beginning,1169,command + shift + up_arrow,y,,,,,,,,,
1170,app|powerpoint,button,move_slide_to_end,1170,command + shift + down_arrow,y,,,,,,,,,
1171,app|powerpoint,button,duplicate_slide,1171,command + shift + d,y,,,,,,,,,
1172,app|powerpoint,button,zoom_to_fit,1172,command + option + o,y,,,,,,,,,
1173,app|powerpoint,button,open_recent_file,1173,command + shift + o,y,,,,,,,,,
1174,app|powerpoint,button,format_slide_background,1174,command + shift + 2,y,,,,,,,,,
1175,app|powerpoint,button,close_powerpoint,1175,command + q,y,,,,,,,,,