[
  {
    "metadataOutputVersion" : "3.0",
    "storagePrecision" : "Float32",
    "outputSchema" : [
      {
        "isOptional" : "0",
        "formattedType" : "String",
        "type" : "String",
        "name" : "classLabel",
        "shortDescription" : ""
      },
      {
        "isOptional" : "0",
        "keyType" : "String",
        "formattedType" : "Dictionary (String → Double)",
        "type" : "Dictionary",
        "name" : "classLabel_probs",
        "shortDescription" : ""
      }
    ],
    "modelParameters" : [

    ],
    "specificationVersion" : 7,
    "mlProgramOperationTypeHistogram" : {
      "Concat" : 1,
      "Ios16.add" : 10,
      "Ios16.mul" : 17,
      "Ios16.sigmoid" : 16,
      "Ios16.silu" : 49,
      "Ios16.gather" : 1,
      "Ios16.linear" : 1,
      "Ios16.reduceMean" : 17,
      "Ios16.reshape" : 1,
      "Ios16.softmax" : 1,
      "Ios16.conv" : 81
    },
    "computePrecision" : "Mixed (Float32, Int32)",
    "isUpdatable" : "0",
    "availability" : {
      "macOS" : "13.0",
      "tvOS" : "16.0",
      "visionOS" : "1.0",
      "watchOS" : "9.0",
      "iOS" : "16.0",
      "macCatalyst" : "16.0"
    },
    "modelType" : {
      "name" : "MLModelType_mlProgram"
    },
    "userDefinedMetadata" : {
      "app_name_to_idx" : "{\"chrome\": 0, \"outlook\": 1, \"apple_mail\": 2, \"slack\": 3, \"safari\": 4, \"gmail\": 5, \"firefox\": 6}",
      "com.github.apple.coremltools.source" : "torch==2.3.1",
      "com.github.apple.coremltools.version" : "7.2",
      "com.github.apple.coremltools.source_dialect" : "TorchScript"
    },
    "classLabels" : [
      "open_a_new_tab",
      "go_to_drafts",
      "edit_last_message",
      "open_calendar_view",
      "show_or_hide_toolbar",
      "archive",
      "move_to_different_folder",
      "open_a_new_window",
      "bookmark_the_current_page",
      "check_for_new_mail",
      "more_options",
      "open_the_find_bar",
      "insert_link",
      "zoom_in",
      "open_the_history_page",
      "compose",
      "toggle_taskbar",
      "show_or_hide_bookmarks_bar",
      "show_or_hide_favorites_bar",
      "next_channel",
      "reload_the_current_page",
      "go_channels",
      "open_a_new_private_window",
      "highlight_the_URL",
      "snooze",
      "minimize_window",
      "go_home",
      "delete",
      "go_activity",
      "go_later",
      "open_threads",
      "open_the_downloads_page",
      "open_more",
      "go_to_all_mail",
      "previous_message_in_an_open_conversation",
      "open_selected_email",
      "print",
      "open_contacts_view",
      "forward",
      "reopen_the_last_closed_tab",
      "go_unreads",
      "go_to_inbox",
      "send",
      "upload_file",
      "toggle_workplace_switcher",
      "move_to_inbox",
      "reply",
      "go_to_sent",
      "search_channels",
      "previous_channel",
      "go_forward",
      "zoom_out",
      "search",
      "open_mail_view",
      "close_the_current_tab",
      "discard_draft",
      "next_message_in_an_open_conversation",
      "nothing",
      "mark_as_read",
      "filter",
      "open_channel_details",
      "switch_to_the_previous_tab",
      "reply_all",
      "quit",
      "close_window",
      "spam_and_junk",
      "mark_as_unread",
      "toggle_star",
      "switch_to_the_next_tab",
      "go_to_starred",
      "open_preferences",
      "go_dms",
      "toggle_flag",
      "select_conversation",
      "show_or_hide_sidebar",
      "reset_zoom_level",
      "mute_conversation",
      "go_back"
    ],
    "generatedClassName" : "reiden_v0_3",
    "inputSchema" : [
      {
        "height" : "224",
        "colorspace" : "RGB",
        "isOptional" : "0",
        "width" : "224",
        "isColor" : "1",
        "formattedType" : "Image (Color 224 × 224)",
        "hasSizeFlexibility" : "0",
        "type" : "Image",
        "shortDescription" : "",
        "name" : "image_input"
      },
      {
        "hasShapeFlexibility" : "0",
        "isOptional" : "0",
        "dataType" : "Int32",
        "formattedType" : "MultiArray (Int32 1)",
        "shortDescription" : "",
        "shape" : "[1]",
        "name" : "app_name_input",
        "type" : "MultiArray"
      }
    ],
    "method" : "predict"
  }
]